corpus_name,canonical_author_id,name_script,source,confidence,status
A. Daniel Roth,a_daniel_roth,EN,spreadsheet_exact,1.0,accepted
A.M. Poppy,a_m_poppy,EN,spreadsheet_exact,1.0,accepted
Aaron Kaiser-Chen,aaron_kaiser_chen,EN,spreadsheet_exact,1.0,accepted
Aaron Magid,aaron_magid,EN,spreadsheet_exact,1.0,accepted
Abby C. Wheatley,abby_c_wheatley,EN,spreadsheet_exact,1.0,accepted
Abdallah Aljazzar,abdallah_aljazzar,EN,spreadsheet_exact,1.0,accepted
Abdulla Moaswes,abdulla_moaswes,EN,spreadsheet_exact,1.0,accepted
Abe Silberstein,abe_silberstein,EN,spreadsheet_exact,1.0,accepted
Abed Abou Shhadeh,abed_abou_shhadeh,EN,spreadsheet_exact,1.0,accepted
Abed Kannaneh,abed_kannaneh,EN,spreadsheet_exact,1.0,accepted
Abeer Ayyoub,abeer_ayyoub,EN,spreadsheet_exact,1.0,accepted
Abir Kopty,abir_kopty,EN,spreadsheet_exact,1.0,accepted
Abraham Gutman,abraham_gutman,EN,spreadsheet_exact,1.0,accepted
Adam Bashar,adam_bashar,EN,spreadsheet_exact,1.0,accepted
Adam Grannick,adam_grannick,EN,spreadsheet_exact,1.0,accepted
Adam Keller,adam_keller,EN,spreadsheet_exact,1.0,accepted
Adam Shatz,adam_shatz,EN,spreadsheet_exact,1.0,accepted
Adi Golan Bikhnafo,adi_golan_bikhnafo,EN,spreadsheet_exact,1.0,accepted
Adv. Itai Mack,adv_itai_mack,EN,spreadsheet_exact,1.0,accepted
Aeyal Gross,aeyal_gross,EN,spreadsheet_exact,1.0,accepted
Ahmad Al-Bazz,ahmad_al_bazz,EN,spreadsheet_exact,1.0,accepted
Ahmad Nawajah,ahmad_nawajah,EN,spreadsheet_exact,1.0,accepted
Ahmad Rafat,ahmad_rafat,EN,spreadsheet_exact,1.0,accepted
Ahmadiel Ben Yehuda,ahmadiel_ben_yehuda,EN,spreadsheet_exact,1.0,accepted
Ahmed Abu Artema,ahmed_abu_artema,EN,spreadsheet_exact,1.0,accepted
Ahmed Ahmed,ahmed_ahmed,EN,spreadsheet_exact,1.0,accepted
Ahmed G. Ferwana,ahmed_g_ferwana,EN,spreadsheet_exact,1.0,accepted
Ahmed Moor,ahmed_moor,EN,spreadsheet_exact,1.0,accepted
Ahmed Rizk,ahmed_rizk,EN,spreadsheet_exact,1.0,accepted
Akiva Miller,akiva_miller,EN,spreadsheet_exact,1.0,accepted
Akram Natsheh,akram_natsheh,EN,spreadsheet_exact,1.0,accepted
Ala Hlehel,ala_hlehel,EN,spreadsheet_exact,1.0,accepted
Alaa Salama,alaa_salama,EN,spreadsheet_exact,1.0,accepted
Alan Johnson,alan_johnson,EN,spreadsheet_exact,1.0,accepted
Alan Traister,alan_traister,EN,spreadsheet_exact,1.0,accepted
Alba Nabulsi,alba_nabulsi,EN,spreadsheet_exact,1.0,accepted
Alex Kane,alex_kane,EN,spreadsheet_exact,1.0,accepted
Alex Stein,alex_stein,EN,spreadsheet_exact,1.0,accepted
Alexandr Nabokov,alexandr_nabokov,EN,spreadsheet_exact,1.0,accepted
Alexei Sisulu Abrahams,alexei_sisulu_abrahams,EN,spreadsheet_exact,1.0,accepted
Alexis Thiry,alexis_thiry,EN,spreadsheet_exact,1.0,accepted
Ali Fathollah-Nejad,ali_fathollah_nejad,EN,spreadsheet_exact,1.0,accepted
Ali Reza Eshraghi,ali_reza_eshraghi,EN,spreadsheet_exact,1.0,accepted
Alice Austin,alice_austin,EN,spreadsheet_exact,1.0,accepted
Alice Mishkin,alice_mishkin,EN,spreadsheet_exact,1.0,accepted
Alice Su,alice_su,EN,spreadsheet_exact,1.0,accepted
Alison Morgan,alison_morgan,EN,spreadsheet_exact,1.0,accepted
Ally Fernandez,ally_fernandez,EN,spreadsheet_exact,1.0,accepted
Alma Biblash,alma_biblash,EN,spreadsheet_exact,1.0,accepted
Almog Behar,almog_behar,EN,spreadsheet_exact,1.0,accepted
Alon Arad,alon_arad,EN,spreadsheet_exact,1.0,accepted
Alon Aviram,alon_aviram,EN,spreadsheet_exact,1.0,accepted
Alon Cohen-Lifshitz,alon_cohen_lifshitz,EN,spreadsheet_exact,1.0,accepted
Alon Mizrahi,alon_mizrahi,EN,spreadsheet_exact,1.0,accepted
Alon-Lee Green,alon_lee_green,EN,spreadsheet_exact,1.0,accepted
Amahl Bishara,amahl_bishara,EN,spreadsheet_exact,1.0,accepted
Ameer Makhoul,ameer_makhoul,EN,spreadsheet_exact,1.0,accepted
Amer Zahr,amer_zahr,EN,spreadsheet_exact,1.0,accepted
Amer ‘Aruri,amer_aruri,EN,spreadsheet_exact,1.0,accepted
Ami Asher,ami_asher,EN,spreadsheet_exact,1.0,accepted
Ami Kaufman,ami_kaufman,EN,spreadsheet_exact,1.0,accepted
Ami Yares,ami_yares,EN,spreadsheet_exact,1.0,accepted
Amir Heinitz,amir_heinitz,EN,spreadsheet_exact,1.0,accepted
Amir Rotem,amir_rotem,EN,spreadsheet_exact,1.0,accepted
Amir Segal,amir_segal,EN,spreadsheet_exact,1.0,accepted
Amiram Goldblum,amiram_goldblum,EN,spreadsheet_exact,1.0,accepted
Amit Gilutz,amit_gilutz,EN,spreadsheet_exact,1.0,accepted
Amitai Ben-Abba,amitai_ben_abba,EN,spreadsheet_exact,1.0,accepted
Amjad Alqasis,amjad_alqasis,EN,spreadsheet_exact,1.0,accepted
Amjad Iraqi,amjad_iraqi,EN,spreadsheet_exact,1.0,accepted
Amjad Yaghi,amjad_yaghi,EN,spreadsheet_exact,1.0,accepted
Amnon Brownfield Stein,amnon_brownfield_stein,EN,spreadsheet_exact,1.0,accepted
Amos Brison,amos_brison,EN,spreadsheet_exact,1.0,accepted
Amos Goldberg,amos_goldberg,EN,spreadsheet_exact,1.0,accepted
Anas Almassri,anas_almassri,EN,spreadsheet_exact,1.0,accepted
Anat Matar,anat_matar,EN,spreadsheet_exact,1.0,accepted
Anat Saragusti,anat_saragusti,EN,spreadsheet_exact,1.0,accepted
Anat Yorovski,anat_yorovski,EN,spreadsheet_exact,1.0,accepted
Andrew Miller,andrew_miller,EN,spreadsheet_exact,1.0,accepted
Angela Godfrey-Goldstein,angela_godfrey_goldstein,EN,spreadsheet_exact,1.0,accepted
Angela Gruber,angela_gruber,EN,spreadsheet_exact,1.0,accepted
Angie Hsu,angie_hsu,EN,spreadsheet_exact,1.0,accepted
Anna Lekas Miller,anna_lekas_miller,EN,spreadsheet_exact,1.0,accepted
Anna Momigliano,anna_momigliano,EN,spreadsheet_exact,1.0,accepted
Anna Rose Siegel,anna_rose_siegel,EN,spreadsheet_exact,1.0,accepted
Anne Irfan,anne_irfan,EN,spreadsheet_exact,1.0,accepted
Anne Paq,anne_paq,EN,spreadsheet_exact,1.0,accepted
Anselm Kiersch,anselm_kiersch,EN,spreadsheet_exact,1.0,accepted
Antwan I. Saca,antwan_i_saca,EN,spreadsheet_exact,1.0,accepted
Anwar Ben Badis,anwar_ben_badis,EN,spreadsheet_exact,1.0,accepted
Anwar Mhajne,anwar_mhajne,EN,spreadsheet_exact,1.0,accepted
Arash Azizi,arash_azizi,EN,spreadsheet_exact,1.0,accepted
Ari Miller,ari_miller,EN,spreadsheet_exact,1.0,accepted
Ari Remez,ari_remez,EN,spreadsheet_exact,1.0,accepted
Arianna Skibell,arianna_skibell,EN,spreadsheet_exact,1.0,accepted
Ariel Bardi,ariel_bardi,EN,spreadsheet_exact,1.0,accepted
Ariella Azoulay,ariella_azoulay,EN,spreadsheet_exact,1.0,accepted
Arik Segal,arik_segal,EN,spreadsheet_exact,1.0,accepted
Arnon Degani,arnon_degani,EN,spreadsheet_exact,1.0,accepted
Aron Keller,aron_keller,EN,spreadsheet_exact,1.0,accepted
Aryeh Cohen,aryeh_cohen,EN,spreadsheet_exact,1.0,accepted
Asaf Calderon,asaf_calderon,EN,spreadsheet_exact,1.0,accepted
Asaf Marziano,asaf_marziano,EN,spreadsheet_exact,1.0,accepted
Asaf Shalev,asaf_shalev,EN,spreadsheet_exact,1.0,accepted
Asaf Weitzen,asaf_weitzen,EN,spreadsheet_exact,1.0,accepted
Asher Kaufman,asher_kaufman,EN,spreadsheet_exact,1.0,accepted
Ashraf Ghandour,ashraf_ghandour,EN,spreadsheet_exact,1.0,accepted
Ashraf al-Ajrami,ashraf_al_ajrami,EN,spreadsheet_exact,1.0,accepted
Asma Agbariyeh-Zahalka,asma_agbariyeh_zahalka,EN,spreadsheet_exact,1.0,accepted
Assaf Adiv,assaf_adiv,EN,spreadsheet_exact,1.0,accepted
Assaf Oron,assaf_oron,EN,spreadsheet_exact,1.0,accepted
Atty. Jonathan J. Klinger,atty_jonathan_j_klinger,EN,spreadsheet_exact,1.0,accepted
Aurélie Daher,aurélie_daher,EN,spreadsheet_exact,1.0,accepted
Avi Belcherman,avi_belcherman,EN,spreadsheet_exact,1.0,accepted
Avi Blecherman,avi_blecherman,EN,spreadsheet_exact,1.0,accepted
Avi Dabush,avi_dabush,EN,spreadsheet_exact,1.0,accepted
Aviad Kleinberg,aviad_kleinberg,EN,spreadsheet_exact,1.0,accepted
Avihai Stollar,avihai_stollar,EN,spreadsheet_exact,1.0,accepted
Avital Burg,avital_burg,EN,spreadsheet_exact,1.0,accepted
Aviv Tatarsky,aviv_tatarsky,EN,spreadsheet_exact,1.0,accepted
Avner Gvaryahu,avner_gvaryahu,EN,spreadsheet_exact,1.0,accepted
Awad Abdelfattah,awad_abdelfattah,EN,spreadsheet_exact,1.0,accepted
Awdah Hathaleen,awdah_hathaleen,EN,spreadsheet_exact,1.0,accepted
Awdah al-Hathalean,awdah_al_hathalean,EN,spreadsheet_exact,1.0,accepted
Awni Farhat,awni_farhat,EN,spreadsheet_exact,1.0,accepted
Aya Zinatey,aya_zinatey,EN,spreadsheet_exact,1.0,accepted
Ayla Peggy Adler,ayla_peggy_adler,EN,spreadsheet_exact,1.0,accepted
Aylin Gurzel,aylin_gurzel,EN,spreadsheet_exact,1.0,accepted
Aziz Abu Sarah,aziz_abu_sarah,EN,spreadsheet_exact,1.0,accepted
B.G. Silver*,b_g_silver,EN,spreadsheet_exact,1.0,accepted
B.N.*,b_n,EN,spreadsheet_exact,1.0,accepted
Badia Dweik,badia_dweik,EN,spreadsheet_exact,1.0,accepted
Baker Zoubi,baker_zoubi,EN,spreadsheet_exact,1.0,accepted
Bar Gissin,bar_gissin,EN,spreadsheet_exact,1.0,accepted
Basel Adra,basel_adra,EN,spreadsheet_exact,1.0,accepted
Basel Yazouri,basel_yazouri,EN,spreadsheet_exact,1.0,accepted
Bassam Almohor,bassam_almohor,EN,spreadsheet_exact,1.0,accepted
Bassam Aramin,bassam_aramin,EN,spreadsheet_exact,1.0,accepted
Batya Kallus,batya_kallus,EN,spreadsheet_exact,1.0,accepted
Ben Avishai,ben_avishai,EN,spreadsheet_exact,1.0,accepted
Ben Elkind,ben_elkind,EN,spreadsheet_exact,1.0,accepted
Ben Lorber,ben_lorber,EN,spreadsheet_exact,1.0,accepted
Ben Pakman,ben_pakman,EN,spreadsheet_exact,1.0,accepted
Ben Reiff,ben_reiff,EN,spreadsheet_exact,1.0,accepted
Ben Ronen,ben_ronen,EN,spreadsheet_exact,1.0,accepted
Ben Toren,ben_toren,EN,spreadsheet_exact,1.0,accepted
Ben White,ben_white,EN,spreadsheet_exact,1.0,accepted
Benjamin Birely,benjamin_birely,EN,spreadsheet_exact,1.0,accepted
Benjamin L. Mandel,benjamin_l_mandel,EN,spreadsheet_exact,1.0,accepted
Bernard Avishai,bernard_avishai,EN,spreadsheet_exact,1.0,accepted
Bettina Birmans,bettina_birmans,EN,spreadsheet_exact,1.0,accepted
Betty Herschman,betty_herschman,EN,spreadsheet_exact,1.0,accepted
Blair Nodelman,blair_nodelman,EN,spreadsheet_exact,1.0,accepted
Brad Parker,brad_parker,EN,spreadsheet_exact,1.0,accepted
Brad Rothschild,brad_rothschild,EN,spreadsheet_exact,1.0,accepted
Bram Wispelwey,bram_wispelwey,EN,spreadsheet_exact,1.0,accepted
Brant Rosen,brant_rosen,EN,spreadsheet_exact,1.0,accepted
Brent E. Sasley,brent_e_sasley,EN,spreadsheet_exact,1.0,accepted
Caroline Beck,caroline_beck,EN,spreadsheet_exact,1.0,accepted
Catherine Rottenberg,catherine_rottenberg,EN,spreadsheet_exact,1.0,accepted
Charalampos Tsitsopoulos,charalampos_tsitsopoulos,EN,spreadsheet_exact,1.0,accepted
Chemi Shiff,chemi_shiff,EN,spreadsheet_exact,1.0,accepted
Chibli Mallat,chibli_mallat,EN,spreadsheet_exact,1.0,accepted
Christa Blackmon,christa_blackmon,EN,spreadsheet_exact,1.0,accepted
Christiane Marie Abu-Sarah,christiane_marie_abu_sarah,EN,spreadsheet_exact,1.0,accepted
Christina Hazboun,christina_hazboun,EN,spreadsheet_exact,1.0,accepted
Cody O’Rourke,cody_o_rourke,EN,spreadsheet_exact,1.0,accepted
Corey Sherman,corey_sherman,EN,spreadsheet_exact,1.0,accepted
Craig D. Smith,craig_d_smith,EN,spreadsheet_exact,1.0,accepted
Dahlia Scheindlin,dahlia_scheindlin,EN,spreadsheet_exact,1.0,accepted
Dahlia Shaham,dahlia_shaham,EN,spreadsheet_exact,1.0,accepted
Dalal Erakat,dalal_erakat,EN,spreadsheet_exact,1.0,accepted
Dalia Halabi,dalia_halabi,EN,spreadsheet_exact,1.0,accepted
Dalia Hatuqa,dalia_hatuqa,EN,spreadsheet_exact,1.0,accepted
Dalia Othman,dalia_othman,EN,spreadsheet_exact,1.0,accepted
Dalit Baum,dalit_baum,EN,spreadsheet_exact,1.0,accepted
Dalya Al Masri,dalya_al_masri,EN,spreadsheet_exact,1.0,accepted
Dan Gazit,dan_gazit,EN,spreadsheet_exact,1.0,accepted
Dan Goldenblatt,dan_goldenblatt,EN,spreadsheet_exact,1.0,accepted
Dan Owen,dan_owen,EN,spreadsheet_exact,1.0,accepted
Dana Direktor,dana_direktor,EN,spreadsheet_exact,1.0,accepted
Dana Golan,dana_golan,EN,spreadsheet_exact,1.0,accepted
Dana Hercbergs,dana_hercbergs,EN,spreadsheet_exact,1.0,accepted
Dana Mills,dana_mills,EN,spreadsheet_exact,1.0,accepted
Dana Moss,dana_moss,EN,spreadsheet_exact,1.0,accepted
Daniel Amir,daniel_amir,EN,spreadsheet_exact,1.0,accepted
Daniel Bar-Tal,daniel_bar_tal,EN,spreadsheet_exact,1.0,accepted
Daniel Beller,daniel_beller,EN,spreadsheet_exact,1.0,accepted
Daniel Dor,daniel_dor,EN,spreadsheet_exact,1.0,accepted
Daniel Easterman,daniel_easterman,EN,spreadsheet_exact,1.0,accepted
Daniel J. Solomon,daniel_j_solomon,EN,spreadsheet_exact,1.0,accepted
Daniel Levy,daniel_levy,EN,spreadsheet_exact,1.0,accepted
Daniel May,daniel_may,EN,spreadsheet_exact,1.0,accepted
Daniel Monterescu,daniel_monterescu,EN,spreadsheet_exact,1.0,accepted
Daniel OZ,daniel_oz,EN,spreadsheet_exact,1.0,accepted
Daniel Reisel,daniel_reisel,EN,spreadsheet_exact,1.0,accepted
Daniela Tolchinsky,daniela_tolchinsky,EN,spreadsheet_exact,1.0,accepted
Danit Shaham,danit_shaham,EN,spreadsheet_exact,1.0,accepted
Danny Orbach,danny_orbach,EN,spreadsheet_exact,1.0,accepted
Daoud Kuttab,daoud_kuttab,EN,spreadsheet_exact,1.0,accepted
David Harris-Gershon,david_harris_gershon,EN,spreadsheet_exact,1.0,accepted
David Hughes,david_hughes,EN,spreadsheet_exact,1.0,accepted
David Kaufman,david_kaufman,EN,spreadsheet_exact,1.0,accepted
David Lehrer,david_lehrer,EN,spreadsheet_exact,1.0,accepted
David Sarna Galdi,david_sarna_galdi,EN,spreadsheet_exact,1.0,accepted
David Sheen,david_sheen,EN,spreadsheet_exact,1.0,accepted
David Shulman,david_shulman,EN,spreadsheet_exact,1.0,accepted
David Zonsheine,david_zonsheine,EN,spreadsheet_exact,1.0,accepted
Dean Issacharoff,dean_issacharoff,EN,spreadsheet_exact,1.0,accepted
Deborah Leter,deborah_leter,EN,spreadsheet_exact,1.0,accepted
Derek Davison,derek_davison,EN,spreadsheet_exact,1.0,accepted
Diana Alzeer,diana_alzeer,EN,spreadsheet_exact,1.0,accepted
Dikla Taylor-Sheinman,dikla_taylor_sheinman,EN,spreadsheet_exact,1.0,accepted
Dima Khalidi,dima_khalidi,EN,spreadsheet_exact,1.0,accepted
Dimi Reider,dimi_reider,EN,spreadsheet_exact,1.0,accepted
Dina Saeed,dina_saeed,EN,spreadsheet_exact,1.0,accepted
Doaa Albaz,doaa_albaz,EN,spreadsheet_exact,1.0,accepted
Dolev Rahat,dolev_rahat,EN,spreadsheet_exact,1.0,accepted
Don Futterman,don_futterman,EN,spreadsheet_exact,1.0,accepted
Dor Sandak,dor_sandak,EN,spreadsheet_exact,1.0,accepted
Dorit Naaman,dorit_naaman,EN,spreadsheet_exact,1.0,accepted
Doron Matza,doron_matza,EN,spreadsheet_exact,1.0,accepted
Dov Caller,dov_caller,EN,spreadsheet_exact,1.0,accepted
Dov Waxman,dov_waxman,EN,spreadsheet_exact,1.0,accepted
Dove Kent,dove_kent,EN,spreadsheet_exact,1.0,accepted
Dr. Clive Lipchin,dr_clive_lipchin,EN,spreadsheet_exact,1.0,accepted
Dr. Eléonore Merza Bronstein,dr_eléonore_merza_bronstein,EN,spreadsheet_exact,1.0,accepted
Dr. Evgeni Klauber,dr_evgeni_klauber,EN,spreadsheet_exact,1.0,accepted
Dr. Ishai Menuchin,dr_ishai_menuchin,EN,spreadsheet_exact,1.0,accepted
Dr. Naftali Kaminski,dr_naftali_kaminski,EN,spreadsheet_exact,1.0,accepted
Dr. Nimrod Luz,dr_nimrod_luz,EN,spreadsheet_exact,1.0,accepted
Dr. Shlomo Swirski,dr_shlomo_swirski,EN,spreadsheet_exact,1.0,accepted
Dror Etkes,dror_etkes,EN,spreadsheet_exact,1.0,accepted
Dror Feuer,dror_feuer,EN,spreadsheet_exact,1.0,accepted
Dror Sadot,dror_sadot,EN,spreadsheet_exact,1.0,accepted
Dror Ze’evi,dror_ze_evi,EN,spreadsheet_exact,1.0,accepted
Dubi Kanengisser,dubi_kanengisser,EN,spreadsheet_exact,1.0,accepted
Dáša Raimanová,dáša_raimanová,EN,spreadsheet_exact,1.0,accepted
Edan Ring,edan_ring,EN,spreadsheet_exact,1.0,accepted
Edi Zhensker,edi_zhensker,EN,spreadsheet_exact,1.0,accepted
Edo Konrad,edo_konrad,EN,spreadsheet_exact,1.0,accepted
Efrat Cohen-Bar,efrat_cohen_bar,EN,spreadsheet_exact,1.0,accepted
Eilat Maoz,eilat_maoz,EN,spreadsheet_exact,1.0,accepted
Einat Fishbain,einat_fishbain,EN,spreadsheet_exact,1.0,accepted
Einat Levi,einat_levi,EN,spreadsheet_exact,1.0,accepted
Eishton,eishton,EN,spreadsheet_exact,1.0,accepted
Eitan Bronstein Aparicio,eitan_bronstein_aparicio,EN,spreadsheet_exact,1.0,accepted
Eitan Grossman,eitan_grossman,EN,spreadsheet_exact,1.0,accepted
Eitan Kalinski,eitan_kalinski,EN,spreadsheet_exact,1.0,accepted
Eitay Mack*** (merge),eitay_mack_merge,EN,spreadsheet_exact,1.0,accepted
Eldad Brin,eldad_brin,EN,spreadsheet_exact,1.0,accepted
Eldad Levy,eldad_levy,EN,spreadsheet_exact,1.0,accepted
Elhanan Miller,elhanan_miller,EN,spreadsheet_exact,1.0,accepted
Eli Bitan,eli_bitan,EN,spreadsheet_exact,1.0,accepted
Eli Clifton,eli_clifton,EN,spreadsheet_exact,1.0,accepted
Eli Day,eli_day,EN,spreadsheet_exact,1.0,accepted
Eli Shmueli,eli_shmueli,EN,spreadsheet_exact,1.0,accepted
Eli Valley,eli_valley,EN,spreadsheet_exact,1.0,accepted
Elia Ayoub,elia_ayoub,EN,spreadsheet_exact,1.0,accepted
Eliana Fishman,eliana_fishman,EN,spreadsheet_exact,1.0,accepted
Elias Nawawieh,elias_nawawieh,EN,spreadsheet_exact,1.0,accepted
Eliaz Cohen,eliaz_cohen,EN,spreadsheet_exact,1.0,accepted
Elie Friedman,elie_friedman,EN,spreadsheet_exact,1.0,accepted
Elie Podeh,elie_podeh,EN,spreadsheet_exact,1.0,accepted
Elinor Davidov,elinor_davidov,EN,spreadsheet_exact,1.0,accepted
Elinor Sidi,elinor_sidi,EN,spreadsheet_exact,1.0,accepted
Eliot Cohen,eliot_cohen,EN,spreadsheet_exact,1.0,accepted
Elisha Baskin,elisha_baskin,EN,spreadsheet_exact,1.0,accepted
Elizabeth Tsurkov,elizabeth_tsurkov,EN,spreadsheet_exact,1.0,accepted
Ella Aphek,ella_aphek,EN,spreadsheet_exact,1.0,accepted
Ella Halpern-Matthews,ella_halpern_matthews,EN,spreadsheet_exact,1.0,accepted
Ellie Stern,ellie_stern,EN,spreadsheet_exact,1.0,accepted
Ellis Weintraub,ellis_weintraub,EN,spreadsheet_exact,1.0,accepted
Elsa Rassbach,elsa_rassbach,EN,spreadsheet_exact,1.0,accepted
Eléonore Bronstein,eléonore_bronstein,EN,spreadsheet_exact,1.0,accepted
Em Hilton,emily_hilton,EN,spreadsheet_exact,1.0,accepted
Emanual Yelin,emanual_yelin,EN,spreadsheet_exact,1.0,accepted
Emilio Dabed,emilio_dabed,EN,spreadsheet_exact,1.0,accepted
Emily Hilton,emily_hilton,EN,spreadsheet_exact,1.0,accepted
Emily Mayer,emily_mayer,EN,spreadsheet_exact,1.0,accepted
Emily Schaeffer,emily_schaeffer,EN,spreadsheet_exact,1.0,accepted
Emily Schaeffer Omer-Man,emily_schaeffer_omer_man,EN,spreadsheet_exact,1.0,accepted
Emma Goldberg,emma_goldberg,EN,spreadsheet_exact,1.0,accepted
Episode Transcript,episode_transcript,EN,spreadsheet_exact,1.0,accepted
Eran Tsidkyahu,eran_tsidkyahu,EN,spreadsheet_exact,1.0,accepted
Eric Yellin,eric_yellin,EN,spreadsheet_exact,1.0,accepted
Eyal Clyne,eyal_clyne,EN,spreadsheet_exact,1.0,accepted
Eyal Hareuveni,eyal_hareuveni,EN,spreadsheet_exact,1.0,accepted
Eyal Lurie-Pardes,eyal_lurie_pardes,EN,spreadsheet_exact,1.0,accepted
Eyal Sagiv,eyal_sagiv,EN,spreadsheet_exact,1.0,accepted
Ezra Oliff-Lieberman,ezra_oliff_lieberman,EN,spreadsheet_exact,1.0,accepted
Fadi O. Al-Naji,fadi_o_al_naji,EN,spreadsheet_exact,1.0,accepted
Fadi Shabita,fadi_shabita,EN,spreadsheet_exact,1.0,accepted
Fady Khoury,fady_khoury,EN,spreadsheet_exact,1.0,accepted
Faiz Abu Rmeleh,faiz_abu_rmeleh,EN,spreadsheet_exact,1.0,accepted
False Prophet Blog,false_prophet_blog,EN,spreadsheet_exact,1.0,accepted
Fatima AbdulKarim,fatima_abdulkarim,EN,spreadsheet_exact,1.0,accepted
Fayez Abu Hayeh,fayez_abu_hayeh,EN,spreadsheet_exact,1.0,accepted
Fida Jiryis,fida_jiryis,EN,spreadsheet_exact,1.0,accepted
Fidaa Shurrab,fidaa_shurrab,EN,spreadsheet_exact,1.0,accepted
Fiona Wright,fiona_wright,EN,spreadsheet_exact,1.0,accepted
Fr. Emmanuelle Awwad,fr_emmanuelle_awwad,EN,spreadsheet_exact,1.0,accepted
Frank Barat,frank_barat,EN,spreadsheet_exact,1.0,accepted
Frederick Hertz,frederick_hertz,EN,spreadsheet_exact,1.0,accepted
Frima (Merphie) Bubis,frima_merphie_bubis,EN,spreadsheet_exact,1.0,accepted
Gaby Goldman,gaby_goldman,EN,spreadsheet_exact,1.0,accepted
Gadi Algazi,gadi_algazi,EN,spreadsheet_exact,1.0,accepted
Gary Sick,gary_sick,EN,spreadsheet_exact,1.0,accepted
Gary Spedding,gary_spedding,EN,spreadsheet_exact,1.0,accepted
Gemma Oldman,gemma_oldman,EN,spreadsheet_exact,1.0,accepted
Georgia Gee,georgia_gee,EN,spreadsheet_exact,1.0,accepted
Gerard Horton,gerard_horton,EN,spreadsheet_exact,1.0,accepted
Gershom Gorenberg,gershom_gorenberg,EN,spreadsheet_exact,1.0,accepted
Gershon Baskin,gershon_baskin,EN,spreadsheet_exact,1.0,accepted
Gershon Shafir,gershon_shafir,EN,spreadsheet_exact,1.0,accepted
Ghada Ageel,ghada_ageel,EN,spreadsheet_exact,1.0,accepted
Ghada Al-Haddad,ghada_al_haddad,EN,spreadsheet_exact,1.0,accepted
Ghada Majadli,ghada_majadli,EN,spreadsheet_exact,1.0,accepted
Ghaida Amirah,ghaida_amirah,EN,spreadsheet_exact,1.0,accepted
Ghousoon Bisharat,ghousoon_bisharat,EN,spreadsheet_exact,1.0,accepted
Gidon Bromberg,gidon_bromberg,EN,spreadsheet_exact,1.0,accepted
Gil Gan Mor,gil_gan_mor,EN,spreadsheet_exact,1.0,accepted
Gil Gertel,gil_gertel,EN,spreadsheet_exact,1.0,accepted
Gil Hizi,gil_hizi,EN,spreadsheet_exact,1.0,accepted
Gil Rimon,gil_rimon,EN,spreadsheet_exact,1.0,accepted
Gilad Halpern,gilad_halpern,EN,spreadsheet_exact,1.0,accepted
Gilad Isaacs,gilad_isaacs,EN,spreadsheet_exact,1.0,accepted
Gillian Kennedy,gillian_kennedy,EN,spreadsheet_exact,1.0,accepted
Gordon Adams,gordon_adams,EN,spreadsheet_exact,1.0,accepted
Greg Thielmann,greg_thielmann,EN,spreadsheet_exact,1.0,accepted
Guevara Bader,guevara_bader,EN,spreadsheet_exact,1.0,accepted
Guy Aloni,guy_aloni,EN,spreadsheet_exact,1.0,accepted
Guy Hircefeld,guy_hircefeld,EN,spreadsheet_exact,1.0,accepted
Guy Josif,guy_josif,EN,spreadsheet_exact,1.0,accepted
Hadas Binyamini,hadas_binyamini,EN,spreadsheet_exact,1.0,accepted
Hadi Rami,hadi_rami,EN,spreadsheet_exact,1.0,accepted
Hagai El-Ad,hagai_el_ad,EN,spreadsheet_exact,1.0,accepted
Haggai Matar,haggai_matar,EN,spreadsheet_exact,1.0,accepted
Hagit Naali-Joseph,hagit_naali_joseph,EN,spreadsheet_exact,1.0,accepted
Hagit Ofran,hagit_ofran,EN,spreadsheet_exact,1.0,accepted
Haidi Motola,haidi_motola,EN,spreadsheet_exact,1.0,accepted
Haitham S.,haitham_s,EN,spreadsheet_exact,1.0,accepted
Hakim Bishara,hakim_bishara,EN,spreadsheet_exact,1.0,accepted
Hala H.,hala_h,EN,spreadsheet_exact,1.0,accepted
Halah Ahmad,halah_ahmad,EN,spreadsheet_exact,1.0,accepted
Hamdan Ballal Al-Huraini,hamdan_ballal_al_huraini,EN,spreadsheet_exact,1.0,accepted
Hana Elias,hana_elias,EN,spreadsheet_exact,1.0,accepted
Haneen Zoabi,haneen_zoabi,EN,spreadsheet_exact,1.0,accepted
Hanine Hassan,hanine_hassan,EN,spreadsheet_exact,1.0,accepted
Hanno Hauenstein,hanno_hauenstein,EN,spreadsheet_exact,1.0,accepted
Harry Reis,harry_reis,EN,spreadsheet_exact,1.0,accepted
Harvey Stein,harvey_stein,EN,spreadsheet_exact,1.0,accepted
Hassan Shakur,hassan_shakur,EN,spreadsheet_exact,1.0,accepted
Hebh Jamal,hebh_jamal,EN,spreadsheet_exact,1.0,accepted
Heidi-Jane Esakov,heidi_jane_esakov,EN,spreadsheet_exact,1.0,accepted
Henriette Chacar,henriette_chacar,EN,spreadsheet_exact,1.0,accepted
Hiba Husseini,hiba_husseini,EN,spreadsheet_exact,1.0,accepted
Hila Benyovits-Hoffman,hila_benyovits_hoffman,EN,spreadsheet_exact,1.0,accepted
Hillel Bardin,hillel_bardin,EN,spreadsheet_exact,1.0,accepted
Hillel Garmi,hillel_garmi,EN,spreadsheet_exact,1.0,accepted
Hind Al Ansari,hind_al_ansari,EN,spreadsheet_exact,1.0,accepted
Hind Khoudary,hind_khoudary,EN,spreadsheet_exact,1.0,accepted
Hisham Abu Ali,hisham_abu_ali,EN,spreadsheet_exact,1.0,accepted
Huda Abu Obeid,huda_abu_obeid,EN,spreadsheet_exact,1.0,accepted
Hugh Lovatt,hugh_lovatt,EN,spreadsheet_exact,1.0,accepted
Hussam Abed,hussam_abed,EN,spreadsheet_exact,1.0,accepted
Hussein Samih,hussein_samih,EN,spreadsheet_exact,1.0,accepted
Ibrahim Mohammad,ibrahim_mohammad,EN,spreadsheet_exact,1.0,accepted
Ibtisam Mahdi,ibtisam_mahdi,EN,spreadsheet_exact,1.0,accepted
Idan Barir,idan_barir,EN,spreadsheet_exact,1.0,accepted
Idan Gazit,idan_gazit,EN,spreadsheet_exact,1.0,accepted
Idan Itzhaky,idan_itzhaky,EN,spreadsheet_exact,1.0,accepted
Idan Landau,idan_landau,EN,spreadsheet_exact,1.0,accepted
Iddo Naiss,iddo_naiss,EN,spreadsheet_exact,1.0,accepted
Ido Even Paz,ido_even_paz,EN,spreadsheet_exact,1.0,accepted
Ido Liven,ido_liven,EN,spreadsheet_exact,1.0,accepted
Ido Nice,ido_nice,EN,spreadsheet_exact,1.0,accepted
Ilan Baruch,ilan_baruch,EN,spreadsheet_exact,1.0,accepted
Ilan Manor,ilan_manor,EN,spreadsheet_exact,1.0,accepted
Ilhan Tanir,ilhan_tanir,EN,spreadsheet_exact,1.0,accepted
Ilker Hepkaner,ilker_hepkaner,EN,spreadsheet_exact,1.0,accepted
Illy Pe’ery,illy_pe_ery,EN,spreadsheet_exact,1.0,accepted
Imad Sabi,imad_sabi,EN,spreadsheet_exact,1.0,accepted
Inbal Ben Yehuda,inbal_ben_yehuda,EN,spreadsheet_exact,1.0,accepted
Inbal Sinai,inbal_sinai,EN,spreadsheet_exact,1.0,accepted
Inbar Shaked Vardi,inbar_shaked_vardi,EN,spreadsheet_exact,1.0,accepted
Inna Michaeli,inna_michaeli,EN,spreadsheet_exact,1.0,accepted
Irene Nasser,irene_nasser,EN,spreadsheet_exact,1.0,accepted
Iris Hefets,iris_hefets,EN,spreadsheet_exact,1.0,accepted
Isaac Johnston,isaac_johnston,EN,spreadsheet_exact,1.0,accepted
Isaac Kates Rose,isaac_kates_rose,EN,spreadsheet_exact,1.0,accepted
Isayas Teklebrhan,isayas_teklebrhan,EN,spreadsheet_exact,1.0,accepted
Issa Boursheh,issa_boursheh,EN,spreadsheet_exact,1.0,accepted
Issa Edward Boursheh,issa_edward_boursheh,EN,spreadsheet_exact,1.0,accepted
Itamar Benzaquen,itamar_benzaquen,EN,spreadsheet_exact,1.0,accepted
Itamar Haritan,itamar_haritan,EN,spreadsheet_exact,1.0,accepted
Itamar Mann,itamar_mann,EN,spreadsheet_exact,1.0,accepted
Itamar Sha’altiel,itamar_sha_altiel,EN,spreadsheet_exact,1.0,accepted
Itay Ben Eliezer,itay_ben_eliezer,EN,spreadsheet_exact,1.0,accepted
Jaap Hamburger,jaap_hamburger,EN,spreadsheet_exact,1.0,accepted
Jaclynn Ashly,jaclynn_ashly,EN,spreadsheet_exact,1.0,accepted
Jacob Udell,jacob_udell,EN,spreadsheet_exact,1.0,accepted
Jake Cohen,jake_cohen,EN,spreadsheet_exact,1.0,accepted
Jake Meth,jake_meth,EN,spreadsheet_exact,1.0,accepted
Jakub Zahora,jakub_zahora,EN,spreadsheet_exact,1.0,accepted
Jalal Abukhater,jalal_abukhater,EN,spreadsheet_exact,1.0,accepted
Jalal Nali,jalal_nali,EN,spreadsheet_exact,1.0,accepted
James J. Zogby,james_j_zogby,EN,spreadsheet_exact,1.0,accepted
James Zogby,james_zogby,EN,spreadsheet_exact,1.0,accepted
James-Michael Smith,james_michael_smith,EN,spreadsheet_exact,1.0,accepted
Jamie Levin,jamie_levin,EN,spreadsheet_exact,1.0,accepted
Jamil Dakwar,jamil_dakwar,EN,spreadsheet_exact,1.0,accepted
Janan Abdu,janan_abdu,EN,spreadsheet_exact,1.0,accepted
Je Naé Taylor,je_naé_taylor,EN,spreadsheet_exact,1.0,accepted
Jeff Halper,jeff_halper,EN,spreadsheet_exact,1.0,accepted
Jehad Abusalim,jehad_abusalim,EN,spreadsheet_exact,1.0,accepted
Jen Marlowe,jen_marlowe,EN,spreadsheet_exact,1.0,accepted
Jenn Pollan,jenn_pollan,EN,spreadsheet_exact,1.0,accepted
Jennifer Bing,jennifer_bing,EN,spreadsheet_exact,1.0,accepted
Jenny Nyman,jenny_nyman,EN,spreadsheet_exact,1.0,accepted
Jeremiah Haber,jeremiah_haber,EN,spreadsheet_exact,1.0,accepted
Jeremy Elster,jeremy_elster,EN,spreadsheet_exact,1.0,accepted
Jerome M. Segal,jerome_m_segal,EN,spreadsheet_exact,1.0,accepted
Jerry Haber,jeremiah_haber,EN,spreadsheet_exact,1.0,accepted
Jesse Fox,jesse_fox,EN,spreadsheet_exact,1.0,accepted
Jesse Rosenfeld,jesse_rosenfeld,EN,spreadsheet_exact,1.0,accepted
Jessica Buxbaum,jessica_buxbaum,EN,spreadsheet_exact,1.0,accepted
Jessica Devaney,jessica_devaney,EN,spreadsheet_exact,1.0,accepted
Jessica Weiss,jessica_weiss,EN,spreadsheet_exact,1.0,accepted
Jim Lobe,jim_lobe,EN,spreadsheet_exact,1.0,accepted
Joel Braunold,joel_braunold,EN,spreadsheet_exact,1.0,accepted
Joel Silberman,joel_silberman,EN,spreadsheet_exact,1.0,accepted
John Jackson,john_jackson,EN,spreadsheet_exact,1.0,accepted
Jonathan Adler,jonathan_adler,EN,spreadsheet_exact,1.0,accepted
Jonathan J. Klinger,jonathan_j_klinger,EN,spreadsheet_exact,1.0,accepted
Jonathan Klinger,jonathan_klinger,EN,spreadsheet_exact,1.0,accepted
Joseph Dana,joseph_dana,EN,spreadsheet_exact,1.0,accepted
Joseph Monyde Malieny,joseph_monyde_malieny,EN,spreadsheet_exact,1.0,accepted
Joshua B. Michaels,joshua_b_michaels,EN,spreadsheet_exact,1.0,accepted
Joshua Leifer,joshua_leifer,EN,spreadsheet_exact,1.0,accepted
Josie Felt,josie_felt,EN,spreadsheet_exact,1.0,accepted
Judith Sudilovsky,judith_sudilovsky,EN,spreadsheet_exact,1.0,accepted
Julian Epp,julian_epp,EN,spreadsheet_exact,1.0,accepted
Julie Land,julie_land,EN,spreadsheet_exact,1.0,accepted
Julie M. Norman,julie_m_norman,EN,spreadsheet_exact,1.0,accepted
Juliette Touma,juliette_touma,EN,spreadsheet_exact,1.0,accepted
Kaid Abu Latif,kaid_abu_latif,EN,spreadsheet_exact,1.0,accepted
Kareem Shaheen,kareem_shaheen,EN,spreadsheet_exact,1.0,accepted
Karen Isaacs,karen_isaacs,EN,spreadsheet_exact,1.0,accepted
Karim Kattan,karim_kattan,EN,spreadsheet_exact,1.0,accepted
Karina Goulordava,karina_goulordava,EN,spreadsheet_exact,1.0,accepted
Ken Winikur,ken_winikur,EN,spreadsheet_exact,1.0,accepted
Keren Manor,keren_manor,EN,spreadsheet_exact,1.0,accepted
Keren Sheffi,keren_sheffi,EN,spreadsheet_exact,1.0,accepted
Keren Simons,keren_simons,EN,spreadsheet_exact,1.0,accepted
Khader Adnan,khader_adnan,EN,spreadsheet_exact,1.0,accepted
Khalil Mari,khalil_mari,EN,spreadsheet_exact,1.0,accepted
Khelil Bouarrouj,khelil_bouarrouj,EN,spreadsheet_exact,1.0,accepted
Kobi Skolnick,kobi_skolnick,EN,spreadsheet_exact,1.0,accepted
Laila Naheel,laila_naheel,EN,spreadsheet_exact,1.0,accepted
Lara Friedman,lara_friedman,EN,spreadsheet_exact,1.0,accepted
Larry Derfner,larry_derfner,EN,spreadsheet_exact,1.0,accepted
Laura Wharton,laura_wharton,EN,spreadsheet_exact,1.0,accepted
Lauren S. Marcus,lauren_s_marcus,EN,spreadsheet_exact,1.0,accepted
Lawrence McMahon,lawrence_mcmahon,EN,spreadsheet_exact,1.0,accepted
Leah McDonnell,leah_mcdonnell,EN,spreadsheet_exact,1.0,accepted
Leah Platkin,leah_platkin,EN,spreadsheet_exact,1.0,accepted
Leah R. Platkin,leah_r_platkin,EN,spreadsheet_exact,1.0,accepted
Leanne Gale,leanne_gale,EN,spreadsheet_exact,1.0,accepted
Lee Mordechai,lee_mordechai,EN,spreadsheet_exact,1.0,accepted
Leehee Rothschild,leehee_rothschild,EN,spreadsheet_exact,1.0,accepted
Leeor Ohayon,leeor_ohayon,EN,spreadsheet_exact,1.0,accepted
Lev Grinberg,lev_grinberg,EN,spreadsheet_exact,1.0,accepted
Lia Tarachansky,lia_tarachansky,EN,spreadsheet_exact,1.0,accepted
Liat Kozma,liat_kozma,EN,spreadsheet_exact,1.0,accepted
Libby Lenkinski,libby_lenkinski,EN,spreadsheet_exact,1.0,accepted
Libby Lenkinski Friedlander,libby_lenkinski_friedlander,EN,spreadsheet_exact,1.0,accepted
Liel Maghen,liel_maghen,EN,spreadsheet_exact,1.0,accepted
Lihi Yona,lihi_yona,EN,spreadsheet_exact,1.0,accepted
Lilach Ben David,lilach_ben_david,EN,spreadsheet_exact,1.0,accepted
Lily Galili,lily_galili,EN,spreadsheet_exact,1.0,accepted
Lily Greenberg Call,lily_greenberg_call,EN,spreadsheet_exact,1.0,accepted
Lior Amihai,lior_amihai,EN,spreadsheet_exact,1.0,accepted
Lior Sternfeld,lior_sternfeld,EN,spreadsheet_exact,1.0,accepted
Liora Sion,liora_sion,EN,spreadsheet_exact,1.0,accepted
Lisa Goldman,lisa_goldman,EN,spreadsheet_exact,1.0,accepted
Lisa Richlen,lisa_richlen,EN,spreadsheet_exact,1.0,accepted
Lital Firestone,lital_firestone,EN,spreadsheet_exact,1.0,accepted
Liv Halperin,liv_halperin,EN,spreadsheet_exact,1.0,accepted
Loaay Wattad,loaay_wattad,EN,spreadsheet_exact,1.0,accepted
Lolita Brayman,lolita_brayman,EN,spreadsheet_exact,1.0,accepted
Lorenzo Kamel,lorenzo_kamel,EN,spreadsheet_exact,1.0,accepted
Louis Fishman,louis_fishman,EN,spreadsheet_exact,1.0,accepted
Louis Frankenthaler,louis_frankenthaler,EN,spreadsheet_exact,1.0,accepted
Louise Rafkin,louise_rafkin,EN,spreadsheet_exact,1.0,accepted
Léa Peruchon,léa_peruchon,EN,spreadsheet_exact,1.0,accepted
MK Haneen Zoabi*,mk_haneen_zoabi,EN,spreadsheet_exact,1.0,accepted
Maath Musleh,maath_musleh,EN,spreadsheet_exact,1.0,accepted
Maayan Dak,maayan_dak,EN,spreadsheet_exact,1.0,accepted
Maayan Niezna,maayan_niezna,EN,spreadsheet_exact,1.0,accepted
Madlaine Ahmad,madlaine_ahmad,EN,spreadsheet_exact,1.0,accepted
Magnus Fitz,magnus_fitz,EN,spreadsheet_exact,1.0,accepted
Mahdi Sabbagh,mahdi_sabbagh,EN,spreadsheet_exact,1.0,accepted
Mahmoud Al-Omour,mahmoud_al_omour,EN,spreadsheet_exact,1.0,accepted
Mahmoud Mushtaha,mahmoud_mushtaha,EN,spreadsheet_exact,1.0,accepted
Mairav Zonszein,mairav_zonszein,EN,spreadsheet_exact,1.0,accepted
Maisalon Dallashi,maisalon_dallashi,EN,spreadsheet_exact,1.0,accepted
Majd Jawad,majd_jawad,EN,spreadsheet_exact,1.0,accepted
Makbula Nassar,makbula_nassar,EN,spreadsheet_exact,1.0,accepted
Manal Ja’bri,manal_ja_bri,EN,spreadsheet_exact,1.0,accepted
Mara Getz Sheftel,mara_getz_sheftel,EN,spreadsheet_exact,1.0,accepted
Marcelo Svirsky,marcelo_svirsky,EN,spreadsheet_exact,1.0,accepted
Mareike Lauken,mareike_lauken,EN,spreadsheet_exact,1.0,accepted
Maria Rashed,maria_rashed,EN,spreadsheet_exact,1.0,accepted
Maria Zreik,maria_zreik,EN,spreadsheet_exact,1.0,accepted
Mariam Barghouti,mariam_barghouti,EN,spreadsheet_exact,1.0,accepted
Mariam Farah,mariam_farah,EN,spreadsheet_exact,1.0,accepted
Marian Houk,marian_houk,EN,spreadsheet_exact,1.0,accepted
Mariana Abreu,mariana_abreu,EN,spreadsheet_exact,1.0,accepted
Marta Fortunato,marta_fortunato,EN,spreadsheet_exact,1.0,accepted
Marwa Fatafta,marwa_fatafta,EN,spreadsheet_exact,1.0,accepted
Maryam Hawari,maryam_hawari,EN,spreadsheet_exact,1.0,accepted
Marzuq Al-Halabi,marzuq_al_halabi,EN,spreadsheet_exact,1.0,accepted
Matan Kaminer,matan_kaminer,EN,spreadsheet_exact,1.0,accepted
Mati Milstein,mati_milstein,EN,spreadsheet_exact,1.0,accepted
Mati Shemoelof,mati_shemoelof,EN,spreadsheet_exact,1.0,accepted
Matt Surrusco,matt_surrusco,EN,spreadsheet_exact,1.0,accepted
Max Blumenthal,max_blumenthal,EN,spreadsheet_exact,1.0,accepted
Max Schindler,max_schindler,EN,spreadsheet_exact,1.0,accepted
Max Socol,max_socol,EN,spreadsheet_exact,1.0,accepted
Maxime Benatouil,maxime_benatouil,EN,spreadsheet_exact,1.0,accepted
Maya Avis,maya_avis,EN,spreadsheet_exact,1.0,accepted
Maya Garner,maya_garner,EN,spreadsheet_exact,1.0,accepted
Maya Haber,maya_haber,EN,spreadsheet_exact,1.0,accepted
Maya Schkolne,maya_schkolne,EN,spreadsheet_exact,1.0,accepted
Mehrdad Naderi,mehrdad_naderi,EN,spreadsheet_exact,1.0,accepted
Mei-Tal Nadler,mei_tal_nadler,EN,spreadsheet_exact,1.0,accepted
Menachem Klein,menachem_klein,EN,spreadsheet_exact,1.0,accepted
Merav Amir,merav_amir,EN,spreadsheet_exact,1.0,accepted
Meron Rapoport,meron_rapoport,EN,spreadsheet_exact,1.0,accepted
Mia Rafalowicz-Campbell,mia_rafalowicz_campbell,EN,spreadsheet_exact,1.0,accepted
Micah Friedman,micah_friedman,EN,spreadsheet_exact,1.0,accepted
Michael Omer-Man,michael_omer_man,EN,spreadsheet_exact,1.0,accepted
Michael Salisbury-Corech,michael_salisbury_corech,EN,spreadsheet_exact,1.0,accepted
Michael Sappir,michael_sappir,EN,spreadsheet_exact,1.0,accepted
Michael Schaeffer Omer-Man,michael_schaeffer_omer_man,EN,spreadsheet_exact,1.0,accepted
Michael Sfard,michael_sfard,EN,spreadsheet_exact,1.0,accepted
Michael Sidman,michael_sidman,EN,spreadsheet_exact,1.0,accepted
Michael Zigmond,michael_zigmond,EN,spreadsheet_exact,1.0,accepted
Michal Feldon,michal_feldon,EN,spreadsheet_exact,1.0,accepted
Michal Haramati,michal_haramati,EN,spreadsheet_exact,1.0,accepted
Michal Luft,michal_luft,EN,spreadsheet_exact,1.0,accepted
Michal Rotam,michal_rotam,EN,spreadsheet_exact,1.0,accepted
Michal Rotem,michal_rotem,EN,spreadsheet_exact,1.0,accepted
Michal Talya,michal_talya,EN,spreadsheet_exact,1.0,accepted
Michal Vexler,michal_vexler,EN,spreadsheet_exact,1.0,accepted
Michal Zweig,michal_zweig,EN,spreadsheet_exact,1.0,accepted
Michel Waelbroeck,michel_waelbroeck,EN,spreadsheet_exact,1.0,accepted
Michelle Bubis,michelle_bubis,EN,spreadsheet_exact,1.0,accepted
Minna Rozen,minna_rozen,EN,spreadsheet_exact,1.0,accepted
Mira Al Hussein,mira_al_hussein,EN,spreadsheet_exact,1.0,accepted
Miriam Deprez,miriam_deprez,EN,spreadsheet_exact,1.0,accepted
Miryam Wijler,miryam_wijler,EN,spreadsheet_exact,1.0,accepted
Misha Shulman,misha_shulman,EN,spreadsheet_exact,1.0,accepted
Mitchell Plitnick,mitchell_plitnick,EN,spreadsheet_exact,1.0,accepted
Mkhaimar Abusada,mkhaimar_abusada,EN,spreadsheet_exact,1.0,accepted
Mohamed El Dahshan,mohamed_el_dahshan,EN,spreadsheet_exact,1.0,accepted
Mohamed Mohamed,mohamed_mohamed,EN,spreadsheet_exact,1.0,accepted
Mohammad Hureini,mohammad_hureini,EN,spreadsheet_exact,1.0,accepted
Mohammed Arafat,mohammed_arafat,EN,spreadsheet_exact,1.0,accepted
Mohammed Khatib,mohammed_khatib,EN,spreadsheet_exact,1.0,accepted
Mohammed Moussa,mohammed_moussa,EN,spreadsheet_exact,1.0,accepted
Mohammed R. Mhawish,mohammed_r_mhawish,EN,spreadsheet_exact,1.0,accepted
Mohammed Zaanoun,mohammed_zaanoun,EN,spreadsheet_exact,1.0,accepted
Monim Haroon,monim_haroon,EN,spreadsheet_exact,1.0,accepted
Moran Mekamel,moran_mekamel,EN,spreadsheet_exact,1.0,accepted
Moran Zaga,moran_zaga,EN,spreadsheet_exact,1.0,accepted
More from Eli Valley:,more_from_eli_valley,EN,spreadsheet_exact,1.0,accepted
Moriel Rothman,moriel_rothman,EN,spreadsheet_exact,1.0,accepted
Moriel Rothman-Zecher,moriel_rothman_zecher,EN,spreadsheet_exact,1.0,accepted
Mosab Qashoo,mosab_qashoo,EN,spreadsheet_exact,1.0,accepted
Moshe Ronen,moshe_ronen,EN,spreadsheet_exact,1.0,accepted
Mossi Raz,mossi_raz,EN,spreadsheet_exact,1.0,accepted
Moustafa Youssef,moustafa_youssef,EN,spreadsheet_exact,1.0,accepted
Muhammad Jabali,muhammad_jabali,EN,spreadsheet_exact,1.0,accepted
Muhammad Shehada,muhammad_shehada,EN,spreadsheet_exact,1.0,accepted
Munir Atalla,munir_atalla,EN,spreadsheet_exact,1.0,accepted
Mutasim Ali,mutasim_ali,EN,spreadsheet_exact,1.0,accepted
Mya Guarnieri Jaradat,mya_guarnieri_jaradat,EN,spreadsheet_exact,1.0,accepted
Myssana Morany,myssana_morany,EN,spreadsheet_exact,1.0,accepted
Naama Katiee,naama_katiee,EN,spreadsheet_exact,1.0,accepted
Naamit Mor Haim,naamit_mor_haim,EN,spreadsheet_exact,1.0,accepted
Nadav Bigelman,nadav_bigelman,EN,spreadsheet_exact,1.0,accepted
Nadav Frankovich,nadav_frankovich,EN,spreadsheet_exact,1.0,accepted
Nadia Ben-Youssef,nadia_ben_youssef,EN,spreadsheet_exact,1.0,accepted
Nadia Naser-Najjab,nadia_naser_najjab,EN,spreadsheet_exact,1.0,accepted
Naftali Kaminski,naftali_kaminski,EN,spreadsheet_exact,1.0,accepted
Naim Mousa,naim_mousa,EN,spreadsheet_exact,1.0,accepted
Nancy Hawker,nancy_hawker,EN,spreadsheet_exact,1.0,accepted
Nancy Murray,nancy_murray,EN,spreadsheet_exact,1.0,accepted
Naomi Dann,naomi_dann,EN,spreadsheet_exact,1.0,accepted
Naomi Niddam,naomi_niddam,EN,spreadsheet_exact,1.0,accepted
Naomi Paiss,naomi_paiss,EN,spreadsheet_exact,1.0,accepted
Nasser Nawaj’ah,nasser_nawaj_ah,EN,spreadsheet_exact,1.0,accepted
Nasser Rego,nasser_rego,EN,spreadsheet_exact,1.0,accepted
Natasha Dudinski,natasha_dudinski,EN,spreadsheet_exact,1.0,accepted
Natasha Soffer-Roth,natasha_soffer_roth,EN,spreadsheet_exact,1.0,accepted
Natasha Westheimer,natasha_westheimer,EN,spreadsheet_exact,1.0,accepted
Nathalie Rozanes,nathalie_rozanes,EN,spreadsheet_exact,1.0,accepted
Nathan Hersh,nathan_hersh,EN,spreadsheet_exact,1.0,accepted
Nelson Mandela,nelson_mandela,EN,spreadsheet_exact,1.0,accepted
Nervana Mahmoud,nervana_mahmoud,EN,spreadsheet_exact,1.0,accepted
Netta Amar-Shiff,netta_amar_shiff,EN,spreadsheet_exact,1.0,accepted
Neve Gordon,neve_gordon,EN,spreadsheet_exact,1.0,accepted
Nicholas Saidel,nicholas_saidel,EN,spreadsheet_exact,1.0,accepted
Nicole Hyman,nicole_hyman,EN,spreadsheet_exact,1.0,accepted
Nidal Othman,nidal_othman,EN,spreadsheet_exact,1.0,accepted
Nimrod Goren,nimrod_goren,EN,spreadsheet_exact,1.0,accepted
Nir Baram,nir_baram,EN,spreadsheet_exact,1.0,accepted
Nisreen Salameh Shahbari,nisreen_salameh_shahbari,EN,spreadsheet_exact,1.0,accepted
Nisreen Shehada,nisreen_shehada,EN,spreadsheet_exact,1.0,accepted
Nissi Peli,nissi_peli,EN,spreadsheet_exact,1.0,accepted
Nitin Sawhney,nitin_sawhney,EN,spreadsheet_exact,1.0,accepted
Niv Hachlili,niv_hachlili,EN,spreadsheet_exact,1.0,accepted
Noa Galili,noa_galili,EN,spreadsheet_exact,1.0,accepted
Noa Kaufman,noa_kaufman,EN,spreadsheet_exact,1.0,accepted
Noa Levy,noa_levy,EN,spreadsheet_exact,1.0,accepted
Noa Pinto,noa_pinto,EN,spreadsheet_exact,1.0,accepted
Noa Shaindlinger,noa_shaindlinger,EN,spreadsheet_exact,1.0,accepted
Noa Shauer,noa_shauer,EN,spreadsheet_exact,1.0,accepted
Noa Yachot,noa_yachot,EN,spreadsheet_exact,1.0,accepted
Noam Chayat,noam_chayat,EN,spreadsheet_exact,1.0,accepted
Noam Hofstadter,noam_hofstadter,EN,spreadsheet_exact,1.0,accepted
Noam R.,noam_r,EN,spreadsheet_exact,1.0,accepted
Noam Rabinovich,noam_rabinovich,EN,spreadsheet_exact,1.0,accepted
Noam Rotem,noam_rotem,EN,spreadsheet_exact,1.0,accepted
Noam Sheizaf,noam_sheizaf,EN,spreadsheet_exact,1.0,accepted
Noam Shemtov,noam_shemtov,EN,spreadsheet_exact,1.0,accepted
Noam Shuster-Eliassi,noam_shuster_eliassi,EN,spreadsheet_exact,1.0,accepted
Noam Wiener,noam_wiener,EN,spreadsheet_exact,1.0,accepted
Nooran Alhamdan,nooran_alhamdan,EN,spreadsheet_exact,1.0,accepted
O.K.,o_k,EN,spreadsheet_exact,1.0,accepted
OR Seri,or_seri,EN,spreadsheet_exact,1.0,accepted
Obtained by Idan Landau,obtained_by_idan_landau,EN,spreadsheet_exact,1.0,accepted
Oded Eran,oded_eran,EN,spreadsheet_exact,1.0,accepted
Oded Feller,oded_feller,EN,spreadsheet_exact,1.0,accepted
Oded Na’aman,oded_na_aman,EN,spreadsheet_exact,1.0,accepted
Ofer Matan,ofer_matan,EN,spreadsheet_exact,1.0,accepted
Ofri Ilani,ofri_ilani,EN,spreadsheet_exact,1.0,accepted
Olga Gershenson,olga_gershenson,EN,spreadsheet_exact,1.0,accepted
Olivia Watson,olivia_watson,EN,spreadsheet_exact,1.0,accepted
Omar Baddar,omar_baddar,EN,spreadsheet_exact,1.0,accepted
Omar H. Rahman,omar_h_rahman,EN,spreadsheet_exact,1.0,accepted
Omar M. Dajani,omar_m_dajani,EN,spreadsheet_exact,1.0,accepted
Omer Raz,omer_raz,EN,spreadsheet_exact,1.0,accepted
Omri Du-Nour,omri_du_nour,EN,spreadsheet_exact,1.0,accepted
Omri Eilat,omri_eilat,EN,spreadsheet_exact,1.0,accepted
Omri Evron,omri_evron,EN,spreadsheet_exact,1.0,accepted
Omri Paz,omri_paz,EN,spreadsheet_exact,1.0,accepted
Omri Shenhar,omri_shenhar,EN,spreadsheet_exact,1.0,accepted
Ophir Pines-Paz,ophir_pines_paz,EN,spreadsheet_exact,1.0,accepted
Oren Barak,oren_barak,EN,spreadsheet_exact,1.0,accepted
Oren Kroll-Zeldin,oren_kroll_zeldin,EN,spreadsheet_exact,1.0,accepted
Oren Persico,oren_persico,EN,spreadsheet_exact,1.0,accepted
Oren Yiftachel,oren_yiftachel,EN,spreadsheet_exact,1.0,accepted
Oren Ziv,oren_ziv,EN,spreadsheet_exact,1.0,accepted
Ori Goldberg,ori_goldberg,EN,spreadsheet_exact,1.0,accepted
Ori J. Lenkinski,ori_j_lenkinski,EN,spreadsheet_exact,1.0,accepted
Ori Kol,ori_kol,EN,spreadsheet_exact,1.0,accepted
Ori Lenkinski,ori_lenkinski,EN,spreadsheet_exact,1.0,accepted
Orit Arfa,orit_arfa,EN,spreadsheet_exact,1.0,accepted
Orit Bashkin,orit_bashkin,EN,spreadsheet_exact,1.0,accepted
Orli Santo,orli_santo,EN,spreadsheet_exact,1.0,accepted
Orly Noy,orly_noy,EN,spreadsheet_exact,1.0,accepted
Orna Akad,orna_akad,EN,spreadsheet_exact,1.0,accepted
Osama Tanous,osama_tanous,EN,spreadsheet_exact,1.0,accepted
Oscar Olivier,oscar_olivier,EN,spreadsheet_exact,1.0,accepted
Osnat Ita Skoblinski,osnat_ita_skoblinski,EN,spreadsheet_exact,1.0,accepted
Ossnat Sharon,ossnat_sharon,EN,spreadsheet_exact,1.0,accepted
Pam Bailey,pam_bailey,EN,spreadsheet_exact,1.0,accepted
Paola Caridi,paola_caridi,EN,spreadsheet_exact,1.0,accepted
Patricia Martinez Sastre,patricia_martinez_sastre,EN,spreadsheet_exact,1.0,accepted
Paul Karolyi,paul_karolyi,EN,spreadsheet_exact,1.0,accepted
Paul Pillar,paul_pillar,EN,spreadsheet_exact,1.0,accepted
Paul R. Pillar,paul_r_pillar,EN,spreadsheet_exact,1.0,accepted
Paula Schmitt,paula_schmitt,EN,spreadsheet_exact,1.0,accepted
Penina Eilberg-Schwartz,penina_eilberg_schwartz,EN,spreadsheet_exact,1.0,accepted
Peter Jenkins,peter_jenkins,EN,spreadsheet_exact,1.0,accepted
Philip Farah,philip_farah,EN,spreadsheet_exact,1.0,accepted
Priscilla Wathington,priscilla_wathington,EN,spreadsheet_exact,1.0,accepted
Prof. Elie Podeh,prof_elie_podeh,EN,spreadsheet_exact,1.0,accepted
Professor Minna Rozen,professor_minna_rozen,EN,spreadsheet_exact,1.0,accepted
Qamar Taha,qamar_taha,EN,spreadsheet_exact,1.0,accepted
R. Khazen,r_khazen,EN,spreadsheet_exact,1.0,accepted
R.W. Al-Thahabi,r_w_al_thahabi,EN,spreadsheet_exact,1.0,accepted
Raanan Shemesh Forshner,raanan_shemesh_forshner,EN,spreadsheet_exact,1.0,accepted
Rabah Halabi,rabah_halabi,EN,spreadsheet_exact,1.0,accepted
Rabbi Arik Ascherman,rabbi_arik_ascherman,EN,spreadsheet_exact,1.0,accepted
Rabbi Michael Rivkin,rabbi_michael_rivkin,EN,spreadsheet_exact,1.0,accepted
Rabbis for Human Rights,rabbis_for_human_rights,EN,spreadsheet_exact,1.0,accepted
Rabeea Eid,rabeea_eid,EN,spreadsheet_exact,1.0,accepted
Rachel Beitarie,rachel_beitarie,EN,spreadsheet_exact,1.0,accepted
Rachel Canar,rachel_canar,EN,spreadsheet_exact,1.0,accepted
Rachel Liel,rachel_liel,EN,spreadsheet_exact,1.0,accepted
Rachel Shenhav-Goldberg,rachel_shenhav_goldberg,EN,spreadsheet_exact,1.0,accepted
Rachel’i Said,rachel_i_said,EN,spreadsheet_exact,1.0,accepted
Radhika Sainath,radhika_sainath,EN,spreadsheet_exact,1.0,accepted
Raef Zreik,raef_zreik,EN,spreadsheet_exact,1.0,accepted
Rafael D. Frankel,rafael_d_frankel,EN,spreadsheet_exact,1.0,accepted
Rafram Chaddad,rafram_chaddad,EN,spreadsheet_exact,1.0,accepted
Raghad Jaraisy,raghad_jaraisy,EN,spreadsheet_exact,1.0,accepted
Raji Sourani,raji_sourani,EN,spreadsheet_exact,1.0,accepted
Raluca Ganea,raluca_ganea,EN,spreadsheet_exact,1.0,accepted
Rami Gudovitch,rami_gudovitch,EN,spreadsheet_exact,1.0,accepted
Rami Kaplan,rami_kaplan,EN,spreadsheet_exact,1.0,accepted
Rami Younis,rami_younis,EN,spreadsheet_exact,1.0,accepted
Ran Goldstein,ran_goldstein,EN,spreadsheet_exact,1.0,accepted
Ran Greenstein,ran_greenstein,EN,spreadsheet_exact,1.0,accepted
Raz Segal,raz_segal,EN,spreadsheet_exact,1.0,accepted
Rebecca Arian,rebecca_arian,EN,spreadsheet_exact,1.0,accepted
Rebecca de Vries,rebecca_de_vries,EN,spreadsheet_exact,1.0,accepted
Rechavia Berman,rechavia_berman,EN,spreadsheet_exact,1.0,accepted
Rechavia “Rick” Berman,rechavia_rick_berman,EN,spreadsheet_exact,1.0,accepted
Reem Amer,reem_amer,EN,spreadsheet_exact,1.0,accepted
Rela Mazali,rela_mazali,EN,spreadsheet_exact,1.0,accepted
Renad Uri,renad_uri,EN,spreadsheet_exact,1.0,accepted
Reut Mor,reut_mor,EN,spreadsheet_exact,1.0,accepted
Riad Kabaha,riad_kabaha,EN,spreadsheet_exact,1.0,accepted
Riccardo Carraro,riccardo_carraro,EN,spreadsheet_exact,1.0,accepted
Rida Abu Rass,rida_abu_rass,EN,spreadsheet_exact,1.0,accepted
Riman Barakat,riman_barakat,EN,spreadsheet_exact,1.0,accepted
Rob Abrams,rob_abrams,EN,spreadsheet_exact,1.0,accepted
Robert Cherry,robert_cherry,EN,spreadsheet_exact,1.0,accepted
Robert Swift,robert_swift,EN,spreadsheet_exact,1.0,accepted
Roee Ruttenberg,roee_ruttenberg,EN,spreadsheet_exact,1.0,accepted
Roger Hill,roger_hill,EN,spreadsheet_exact,1.0,accepted
Roi Bachmutsky,roi_bachmutsky,EN,spreadsheet_exact,1.0,accepted
Roi Maor,roi_maor,EN,spreadsheet_exact,1.0,accepted
Romana Michelon,romana_michelon,EN,spreadsheet_exact,1.0,accepted
Ron Cahlili,ron_cahlili,EN,spreadsheet_exact,1.0,accepted
Ron Dudai,ron_dudai,EN,spreadsheet_exact,1.0,accepted
Ron Gerlitz,ron_gerlitz,EN,spreadsheet_exact,1.0,accepted
Rona Moran,rona_moran,EN,spreadsheet_exact,1.0,accepted
Ronen Sabag,ronen_sabag,EN,spreadsheet_exact,1.0,accepted
Roni Dorot,roni_dorot,EN,spreadsheet_exact,1.0,accepted
Roni Masel,roni_masel,EN,spreadsheet_exact,1.0,accepted
Roni Schocken,roni_schocken,EN,spreadsheet_exact,1.0,accepted
Ronit Marzan,ronit_marzan,EN,spreadsheet_exact,1.0,accepted
Roy Cohen,roy_cohen,EN,spreadsheet_exact,1.0,accepted
Roy Wagner,roy_wagner,EN,spreadsheet_exact,1.0,accepted
Ruchama Marton,ruchama_marton,EN,spreadsheet_exact,1.0,accepted
Ruth Hiller,ruth_hiller,EN,spreadsheet_exact,1.0,accepted
Ruth L. Hiller,ruth_l_hiller,EN,spreadsheet_exact,1.0,accepted
Ruth Reznik,ruth_reznik,EN,spreadsheet_exact,1.0,accepted
Ruth Stern,ruth_stern,EN,spreadsheet_exact,1.0,accepted
Ruwaida Amer,ruwaida_amer,EN,spreadsheet_exact,1.0,accepted
Ryan Rodrick Beiler,ryan_rodrick_beiler,EN,spreadsheet_exact,1.0,accepted
Ryan Wentz,ryan_wentz,EN,spreadsheet_exact,1.0,accepted
Saad al-Avdal,saad_al_avdal,EN,spreadsheet_exact,1.0,accepted
Saar Yachin,saar_yachin,EN,spreadsheet_exact,1.0,accepted
Sahar Vardi,sahar_vardi,EN,spreadsheet_exact,1.0,accepted
Said Zeedani,said_zeedani,EN,spreadsheet_exact,1.0,accepted
Salah Mohsen,salah_mohsen,EN,spreadsheet_exact,1.0,accepted
Salam Fayyad,salam_fayyad,EN,spreadsheet_exact,1.0,accepted
Salsabeel H. Hamdan,salsabeel_h_hamdan,EN,spreadsheet_exact,1.0,accepted
Salwa Duaibis,salwa_duaibis,EN,spreadsheet_exact,1.0,accepted
Sam Bahour,sam_bahour,EN,spreadsheet_exact,1.0,accepted
Sam Freed,sam_freed,EN,spreadsheet_exact,1.0,accepted
Sam Stein,sam_stein,EN,spreadsheet_exact,1.0,accepted
Samah Salaime,samah_salaime,EN,spreadsheet_exact,1.0,accepted
Samah Salaime Egbariya,samah_salaime_egbariya,EN,spreadsheet_exact,1.0,accepted
Samah Watad,samah_watad,EN,spreadsheet_exact,1.0,accepted
Samar Hazboun,samar_hazboun,EN,spreadsheet_exact,1.0,accepted
Samer Badawi,samer_badawi,EN,spreadsheet_exact,1.0,accepted
Sami Awad,sami_awad,EN,spreadsheet_exact,1.0,accepted
Sami Huraini,sami_huraini,EN,spreadsheet_exact,1.0,accepted
Samuel Molnar,samuel_molnar,EN,spreadsheet_exact,1.0,accepted
Santiago Montag,santiago_montag,EN,spreadsheet_exact,1.0,accepted
Sapir Sluzker-Amran,sapir_sluzker_amran,EN,spreadsheet_exact,1.0,accepted
Sarah Anne Minkin,sarah_anne_minkin,EN,spreadsheet_exact,1.0,accepted
Sarah Stern,sarah_stern,EN,spreadsheet_exact,1.0,accepted
Sari Bashi,sari_bashi,EN,spreadsheet_exact,1.0,accepted
Sarit Michaeli,sarit_michaeli,EN,spreadsheet_exact,1.0,accepted
Sasha Belenkiy,sasha_belenkiy,EN,spreadsheet_exact,1.0,accepted
Saudamini Jain,saudamini_jain,EN,spreadsheet_exact,1.0,accepted
Sawsan Zaher,sawsan_zaher,EN,spreadsheet_exact,1.0,accepted
Scott Brown,scott_brown,EN,spreadsheet_exact,1.0,accepted
Sean Lee,sean_lee,EN,spreadsheet_exact,1.0,accepted
Sean O’Neill,sean_o_neill,EN,spreadsheet_exact,1.0,accepted
Sebastian Ben Daniel (John Brown),sebastian_ben_daniel_john_brown,EN,spreadsheet_exact,1.0,accepted
Seraj Assi,seraj_assi,EN,spreadsheet_exact,1.0,accepted
Seren Khateb Shahbari,seren_khateb_shahbari,EN,spreadsheet_exact,1.0,accepted
Sergio Storch,sergio_storch,EN,spreadsheet_exact,1.0,accepted
Seth Morrison,seth_morrison,EN,spreadsheet_exact,1.0,accepted
Shachar Pinsker,shachar_pinsker,EN,spreadsheet_exact,1.0,accepted
Shadan Jabareen,shadan_jabareen,EN,spreadsheet_exact,1.0,accepted
Shadi P.,shadi_p,EN,spreadsheet_exact,1.0,accepted
Shahrazad Odeh,shahrazad_odeh,EN,spreadsheet_exact,1.0,accepted
Shai Eluk,shai_eluk,EN,spreadsheet_exact,1.0,accepted
Shalom Boguslavsky,shalom_boguslavsky,EN,spreadsheet_exact,1.0,accepted
Sharon Dolev,sharon_dolev,EN,spreadsheet_exact,1.0,accepted
Sharon Livne,sharon_livne,EN,spreadsheet_exact,1.0,accepted
Sharona Weiss,sharona_weiss,EN,spreadsheet_exact,1.0,accepted
Shatha Yaish,shatha_yaish,EN,spreadsheet_exact,1.0,accepted
Shaul Magid,shaul_magid,EN,spreadsheet_exact,1.0,accepted
Shay Davidovich,shay_davidovich,EN,spreadsheet_exact,1.0,accepted
Shemuel Meir,shemuel_meir,EN,spreadsheet_exact,1.0,accepted
Shimrit Lee,shimrit_lee,EN,spreadsheet_exact,1.0,accepted
Shir Harel,shir_harel,EN,spreadsheet_exact,1.0,accepted
Shir Hever,shir_hever,EN,spreadsheet_exact,1.0,accepted
Shira Pruce,shira_pruce,EN,spreadsheet_exact,1.0,accepted
Shira Scheindlin,shira_scheindlin,EN,spreadsheet_exact,1.0,accepted
Shira Yudkin Tiffany,shira_yudkin_tiffany,EN,spreadsheet_exact,1.0,accepted
Shiraz Grinbaum,shiraz_grinbaum,EN,spreadsheet_exact,1.0,accepted
Shirley Racah,shirley_racah,EN,spreadsheet_exact,1.0,accepted
Shlomo Swirski,shlomo_swirski,EN,spreadsheet_exact,1.0,accepted
Shmuel Lederman,shmuel_lederman,EN,spreadsheet_exact,1.0,accepted
Shoshana Gabay,shoshana_gabay,EN,spreadsheet_exact,1.0,accepted
Shoshana London Sappir,shoshana_london_sappir,EN,spreadsheet_exact,1.0,accepted
Shoshana Madmoni-Gerber,shoshana_madmoni_gerber,EN,spreadsheet_exact,1.0,accepted
Shoug Al Adara,shoug_al_adara,EN,spreadsheet_exact,1.0,accepted
Shuki Tausig,shuki_tausig,EN,spreadsheet_exact,1.0,accepted
Sigal Avivi,sigal_avivi,EN,spreadsheet_exact,1.0,accepted
Sigal Rozen,sigal_rozen,EN,spreadsheet_exact,1.0,accepted
Simone Zimerman,simone_zimerman,EN,spreadsheet_exact,1.0,accepted
Simone Zimmerman,simone_zimmerman,EN,spreadsheet_exact,1.0,accepted
Sinai Peter,sinai_peter,EN,spreadsheet_exact,1.0,accepted
Sivan Tahel,sivan_tahel,EN,spreadsheet_exact,1.0,accepted
Sleman Altehe,sleman_altehe,EN,spreadsheet_exact,1.0,accepted
Smadar Ben-Natan,smadar_ben_natan,EN,spreadsheet_exact,1.0,accepted
Sol Salbe,sol_salbe,EN,spreadsheet_exact,1.0,accepted
Soleiman Moustafa,soleiman_moustafa,EN,spreadsheet_exact,1.0,accepted
Somow Younis,somow_younis,EN,spreadsheet_exact,1.0,accepted
Sophia Goodfriend,sophia_goodfriend,EN,spreadsheet_exact,1.0,accepted
Stephanie Skora,stephanie_skora,EN,spreadsheet_exact,1.0,accepted
Stephanie Westbrook,stephanie_westbrook,EN,spreadsheet_exact,1.0,accepted
Steven A. Cook,steven_a_cook,EN,spreadsheet_exact,1.0,accepted
Steven Davidson,steven_davidson,EN,spreadsheet_exact,1.0,accepted
Suha Arraf,suha_arraf,EN,spreadsheet_exact,1.0,accepted
Suleiman Maswadeh,suleiman_maswadeh,EN,spreadsheet_exact,1.0,accepted
Susan Muaddi Darraj,susan_muaddi_darraj,EN,spreadsheet_exact,1.0,accepted
Susie Becher,susie_becher,EN,spreadsheet_exact,1.0,accepted
Taghreed Ali,taghreed_ali,EN,spreadsheet_exact,1.0,accepted
Tal Matalon,tal_matalon,EN,spreadsheet_exact,1.0,accepted
Tal Schneider,tal_schneider,EN,spreadsheet_exact,1.0,accepted
Talal Alyan,talal_alyan,EN,spreadsheet_exact,1.0,accepted
Talal Jabari,talal_jabari,EN,spreadsheet_exact,1.0,accepted
Tali Mayer,tali_mayer,EN,spreadsheet_exact,1.0,accepted
Tali Nir,tali_nir,EN,spreadsheet_exact,1.0,accepted
Talia Baurer,talia_baurer,EN,spreadsheet_exact,1.0,accepted
Talia Krevsky,talia_krevsky,EN,spreadsheet_exact,1.0,accepted
Talya Ezrahi,talya_ezrahi,EN,spreadsheet_exact,1.0,accepted
Tamara Masri,tamara_masri,EN,spreadsheet_exact,1.0,accepted
Tamer Nafar,tamer_nafar,EN,spreadsheet_exact,1.0,accepted
Tania Hary,tania_hary,EN,spreadsheet_exact,1.0,accepted
Tanya Rubinstein,tanya_rubinstein,EN,spreadsheet_exact,1.0,accepted
Tareq Baconi,tareq_baconi,EN,spreadsheet_exact,1.0,accepted
Tariq Hathaleen,tariq_hathaleen,EN,spreadsheet_exact,1.0,accepted
Tariq Kenney-Shawa,tariq_kenney_shawa,EN,spreadsheet_exact,1.0,accepted
Tawfiq Da'adli,tawfiq_da_adli,EN,spreadsheet_exact,1.0,accepted
Thair Abu-Rass,thair_abu_rass,EN,spreadsheet_exact,1.0,accepted
Thawra Abukhdeir,thawra_abukhdeir,EN,spreadsheet_exact,1.0,accepted
Theodora Oikonomides,theodora_oikonomides,EN,spreadsheet_exact,1.0,accepted
Thom,thom,EN,spreadsheet_exact,1.0,accepted
Thomas G. Mitchell,thomas_g_mitchell,EN,spreadsheet_exact,1.0,accepted
Thomas Mitchell,thomas_mitchell,EN,spreadsheet_exact,1.0,accepted
Thomas W. Lippman,thomas_w_lippman,EN,spreadsheet_exact,1.0,accepted
Timna Axel,timna_axel,EN,spreadsheet_exact,1.0,accepted
Toby Cohen,toby_cohen,EN,spreadsheet_exact,1.0,accepted
Todd Gitlin,todd_gitlin,EN,spreadsheet_exact,1.0,accepted
Tom Mehager,tom_mehager,EN,spreadsheet_exact,1.0,accepted
Tom Pessah,tom_pessah,EN,spreadsheet_exact,1.0,accepted
Tomer Persico,tomer_persico,EN,spreadsheet_exact,1.0,accepted
Tomer Zeigerman,tomer_zeigerman,EN,spreadsheet_exact,1.0,accepted
Towibah Mjdoob,towibah_mjdoob,EN,spreadsheet_exact,1.0,accepted
Trita Parsi,trita_parsi,EN,spreadsheet_exact,1.0,accepted
Udi Aloni,udi_aloni,EN,spreadsheet_exact,1.0,accepted
Uri Agnon,uri_agnon,EN,spreadsheet_exact,1.0,accepted
Uri Horesh,uri_horesh,EN,spreadsheet_exact,1.0,accepted
Uri Weltmann,uri_weltmann,EN,spreadsheet_exact,1.0,accepted
Uzzi Ornan,uzzi_ornan,EN,spreadsheet_exact,1.0,accepted
Varda Bachrach,varda_bachrach,EN,spreadsheet_exact,1.0,accepted
Vera Krichevskaya,vera_krichevskaya,EN,spreadsheet_exact,1.0,accepted
Vera Reider,vera_reider,EN,spreadsheet_exact,1.0,accepted
Vera Sajrawi,vera_sajrawi,EN,spreadsheet_exact,1.0,accepted
Vicky Hosker,vicky_hosker,EN,spreadsheet_exact,1.0,accepted
Video by Forensic Architecture,video_by_forensic_architecture,EN,spreadsheet_exact,1.0,accepted
Wahaj Bani Moufleh,wahaj_bani_moufleh,EN,spreadsheet_exact,1.0,accepted
Walid Abuzaid,walid_abuzaid,EN,spreadsheet_exact,1.0,accepted
Will Alden,will_alden,EN,spreadsheet_exact,1.0,accepted
Willem Aldershoff,willem_aldershoff,EN,spreadsheet_exact,1.0,accepted
Yaara Benger Alaluf,yaara_benger_alaluf,EN,spreadsheet_exact,1.0,accepted
Yacov Ben Efrat,yacov_ben_efrat,EN,spreadsheet_exact,1.0,accepted
Yael Arava,yael_arava,EN,spreadsheet_exact,1.0,accepted
Yael Berda,yael_berda,EN,spreadsheet_exact,1.0,accepted
Yael Lavie,yael_lavie,EN,spreadsheet_exact,1.0,accepted
Yael Maron,yael_maron,EN,spreadsheet_exact,1.0,accepted
Yael Stein,yael_stein,EN,spreadsheet_exact,1.0,accepted
Yael/Yali Marom,yael_yali_marom,EN,spreadsheet_exact,1.0,accepted
Yahel Gazit,yahel_gazit,EN,spreadsheet_exact,1.0,accepted
Yakov M. Rabkin,yakov_m_rabkin,EN,spreadsheet_exact,1.0,accepted
Yakov Rabkin,yakov_rabkin,EN,spreadsheet_exact,1.0,accepted
Yali Marom,yali_marom,EN,spreadsheet_exact,1.0,accepted
Yaniv Eidelstein,yaniv_eidelstein,EN,spreadsheet_exact,1.0,accepted
Yaniv Sagee,yaniv_sagee,EN,spreadsheet_exact,1.0,accepted
Yariv Mohar,yariv_mohar,EN,spreadsheet_exact,1.0,accepted
Yaser Abu Areesha,yaser_abu_areesha,EN,spreadsheet_exact,1.0,accepted
Yasmeen Abu Fraiha,yasmeen_abu_fraiha,EN,spreadsheet_exact,1.0,accepted
Yasmeen Daher,yasmeen_daher,EN,spreadsheet_exact,1.0,accepted
Yasmeen Serhan,yasmeen_serhan,EN,spreadsheet_exact,1.0,accepted
Yazan Badran,yazan_badran,EN,spreadsheet_exact,1.0,accepted
Yaël Ronen,yaël_ronen,EN,spreadsheet_exact,1.0,accepted
Yehouda Shenhav-Shahrabani,yehouda_shenhav_shahrabani,EN,spreadsheet_exact,1.0,accepted
Yehuda Shaul,yehuda_shaul,EN,spreadsheet_exact,1.0,accepted
Yehudit Keshet,yehudit_keshet,EN,spreadsheet_exact,1.0,accepted
Yehudit Oppenheimer,yehudit_oppenheimer,EN,spreadsheet_exact,1.0,accepted
Yifat Solel,yifat_solel,EN,spreadsheet_exact,1.0,accepted
Yigal Mosko,yigal_mosko,EN,spreadsheet_exact,1.0,accepted
Yizhar Be’er,yizhar_be_er,EN,spreadsheet_exact,1.0,accepted
Yoav Haifawi,yoav_haifawi,EN,spreadsheet_exact,1.0,accepted
Yoav Kapshuk,yoav_kapshuk,EN,spreadsheet_exact,1.0,accepted
Yoav Shemer Kunz,yoav_shemer_kunz,EN,spreadsheet_exact,1.0,accepted
Yonatan Amir,yonatan_amir,EN,spreadsheet_exact,1.0,accepted
Yonatan Englender,yonatan_englender,EN,spreadsheet_exact,1.0,accepted
Yonatan Gher,yonatan_gher,EN,spreadsheet_exact,1.0,accepted
Yonatan Mendel,yonatan_mendel,EN,spreadsheet_exact,1.0,accepted
Yonatan Preminger,yonatan_preminger,EN,spreadsheet_exact,1.0,accepted
Yonathan Mizrachi,yonathan_mizrachi,EN,spreadsheet_exact,1.0,accepted
Yoni Bass,yoni_bass,EN,spreadsheet_exact,1.0,accepted
Yoni Eshpar,yoni_eshpar,EN,spreadsheet_exact,1.0,accepted
Yoni Mendel,yoni_mendel,EN,spreadsheet_exact,1.0,accepted
Yoram Kaniuk,yoram_kaniuk,EN,spreadsheet_exact,1.0,accepted
Yossef Rapoport,yossef_rapoport,EN,spreadsheet_exact,1.0,accepted
Yossi Bartal,yossi_bartal,EN,spreadsheet_exact,1.0,accepted
Yossi Gurvitz,yossi_gurvitz,EN,spreadsheet_exact,1.0,accepted
Yossi Sucary,yossi_sucary,EN,spreadsheet_exact,1.0,accepted
Yotam Ben-Hillel,yotam_ben_hillel,EN,spreadsheet_exact,1.0,accepted
Yotam Gidron,yotam_gidron,EN,spreadsheet_exact,1.0,accepted
Yotam Ronen,yotam_ronen,EN,spreadsheet_exact,1.0,accepted
Yousef Aljamal,yousef_aljamal,EN,spreadsheet_exact,1.0,accepted
Yousef Munayyer,yousef_munayyer,EN,spreadsheet_exact,1.0,accepted
Youssr Youssef,youssr_youssef,EN,spreadsheet_exact,1.0,accepted
Yudit Ilany,yudit_ilany,EN,spreadsheet_exact,1.0,accepted
Yudith Oppenheimer,yudith_oppenheimer,EN,spreadsheet_exact,1.0,accepted
Yuli Novak,yuli_novak,EN,spreadsheet_exact,1.0,accepted
Yuval Abraham,yuval_abraham,EN,spreadsheet_exact,1.0,accepted
Yuval Ben-Ami,yuval_ben_ami,EN,spreadsheet_exact,1.0,accepted
Yuval Halperin,yuval_halperin,EN,spreadsheet_exact,1.0,accepted
Yuval Orr,yuval_orr,EN,spreadsheet_exact,1.0,accepted
Zaha Hassan,zaha_hassan,EN,spreadsheet_exact,1.0,accepted
Zak Witus,zak_witus,EN,spreadsheet_exact,1.0,accepted
Zehava Galon,zehava_galon,EN,spreadsheet_exact,1.0,accepted
Zena Agha,zena_agha,EN,spreadsheet_exact,1.0,accepted
Zena Tahhan,zena_tahhan,EN,spreadsheet_exact,1.0,accepted
Ziv Stahl,ziv_stahl,EN,spreadsheet_exact,1.0,accepted
Zizo Abul Hawa,zizo_abul_hawa,EN,spreadsheet_exact,1.0,accepted
Zleikha Muhtaseb,zleikha_muhtaseb,EN,spreadsheet_exact,1.0,accepted
Zvi Benninga,zvi_benninga,EN,spreadsheet_exact,1.0,accepted
by Shalom Boguslavsky,by_shalom_boguslavsky,EN,spreadsheet_exact,1.0,accepted
nan,joseph_dana,HE,spreadsheet_exact,1.0,accepted
oferico,oferico,EN,spreadsheet_exact,1.0,accepted
Şeyda Emek,şeyda_emek,EN,spreadsheet_exact,1.0,accepted
אבי בלכרמן,avi_blecherman,HE,spreadsheet_exact,1.0,accepted
אבי דבוש,avi_dabush,HE,spreadsheet_exact,1.0,accepted
אביב טטרסקי,aviv_tatarsky,HE,spreadsheet_exact,1.0,accepted
אביחי סטולר,avihai_stollar,HE,spreadsheet_exact,1.0,accepted
אביטל בורג,avital_burg,HE,spreadsheet_exact,1.0,accepted
אבנר גבריהו,avner_gvaryahu,HE,spreadsheet_exact,1.0,accepted
אברהים מוחמד,ibrahim_mohammad,HE,spreadsheet_exact,1.0,accepted
אברהם גוטמן,abraham_gutman,HE,spreadsheet_exact,1.0,accepted
אדם קלר,adam_keller,HE,spreadsheet_exact,1.0,accepted
אורי גולדברג,ori_goldberg,HE,spreadsheet_exact,1.0,accepted
אורלי נוי,orly_noy,HE,spreadsheet_exact,1.0,accepted
אורן זיו,oren_ziv,HE,spreadsheet_exact,1.0,accepted
אורן קרול-זלדין,oren_kroll_zeldin,HE,spreadsheet_exact,1.0,accepted
אחמד אבו רתימה,ahmed_abu_artema,HE,spreadsheet_exact,1.0,accepted
אחמד אחמד,ahmed_ahmed,HE,spreadsheet_exact,1.0,accepted
אחמד אל-באז,ahmad_al_bazz,HE,spreadsheet_exact,1.0,accepted
אחמד מור,ahmed_moor,HE,spreadsheet_exact,1.0,accepted
אחמד ראפת,ahmad_rafat,HE,spreadsheet_exact,1.0,accepted
אחמד רפאת,ahmad_rafat,HE,fuzzy_he,0.889,accepted
איבתיסאם מהדי,ibtisam_mahdi,HE,spreadsheet_exact,1.0,accepted
איה זינאתי,aya_zinatey,HE,spreadsheet_exact,1.0,accepted
אייל קליין,eyal_clyne,HE,spreadsheet_exact,1.0,accepted
איל שגיב,eyal_sagiv,HE,spreadsheet_exact,1.0,accepted
אילן ברוך,ilan_baruch,HE,spreadsheet_exact,1.0,accepted
אילת מעוז,eilat_maoz,HE,spreadsheet_exact,1.0,accepted
אינה מיכאלי,inna_michaeli,HE,spreadsheet_exact,1.0,accepted
אישתון,eishton,HE,spreadsheet_exact,1.0,accepted
איתי מק,adv_itai_mack,HE,spreadsheet_exact,1.0,accepted
איתמר מן,itamar_mann,HE,spreadsheet_exact,1.0,accepted
איתמר שאלתיאל,itamar_sha_altiel,HE,spreadsheet_exact,1.0,accepted
איתן ברונשטיין אפריסיו,eitan_bronstein_aparicio,HE,spreadsheet_exact,1.0,accepted
אכרם נתשה,akram_natsheh,HE,spreadsheet_exact,1.0,accepted
אלבה נבולסי,alba_nabulsi,HE,spreadsheet_exact,1.0,accepted
אלון ארד,alon_arad,HE,spreadsheet_exact,1.0,accepted
אלון כהן ליפשיץ,alon_cohen_lifshitz,HE,spreadsheet_exact,1.0,accepted
אלון מזרחי,alon_mizrahi,HE,spreadsheet_exact,1.0,accepted
אלון-לי גרין,alon_lee_green,HE,spreadsheet_exact,1.0,accepted
אלחנן מילר,elhanan_miller,HE,spreadsheet_exact,1.0,accepted
אלי ביתאן,eli_bitan,HE,spreadsheet_exact,1.0,accepted
אלי פודה,prof_elie_podeh,HE,spreadsheet_exact,1.0,accepted
אלי שטרן,ellie_stern,HE,spreadsheet_exact,1.0,accepted
אלי שמואלי,eli_shmueli,HE,spreadsheet_exact,1.0,accepted
אליזבט צורקוב,elizabeth_tsurkov,HE,spreadsheet_exact,1.0,accepted
אליס אוסטין,alice_austin,HE,spreadsheet_exact,1.0,accepted
אלישה בסקין,elisha_baskin,HE,spreadsheet_exact,1.0,accepted
אלכס קיין,alex_kane,HE,spreadsheet_exact,1.0,accepted
אלכסנדר נבוקוב,alexandr_nabokov,HE,spreadsheet_exact,1.0,accepted
אלמה ביבלש,alma_biblash,HE,spreadsheet_exact,1.0,accepted
אלמוג בהר,almog_behar,HE,spreadsheet_exact,1.0,accepted
אם הילטון,emily_hilton,HE,spreadsheet_exact,1.0,accepted
אמג'ד יאגי,amjad_yaghi,HE,spreadsheet_exact,1.0,accepted
אמג'ד יאע'י,amjad_yaghi,HE,fuzzy_he,0.857,accepted
אמג'ד עיראקי,amjad_iraqi,HE,spreadsheet_exact,1.0,accepted
אמיר מח'ול,ameer_makhoul,HE,spreadsheet_exact,1.0,accepted
אמיר רותם,amir_rotem,HE,spreadsheet_exact,1.0,accepted
אמיתי בן-אבא,amitai_ben_abba,HE,spreadsheet_exact,1.0,accepted
אמנון ברונפלד שטיין,amnon_brownfield_stein,HE,spreadsheet_exact,1.0,accepted
אן אירפן,anne_irfan,HE,spreadsheet_exact,1.0,accepted
אן פאק,anne_paq,HE,fuzzy_he,0.909,accepted
אן פק,anne_paq,HE,spreadsheet_exact,1.0,accepted
אנג'לה גרובר,angela_gruber,HE,spreadsheet_exact,1.0,accepted
אנג׳י שו,angie_hsu,HE,spreadsheet_exact,1.0,accepted
אנואר בן באדיס*,anwar_ben_badis,HE,spreadsheet_exact,1.0,accepted
אסמא אגבארייה זחאלקה,asma_agbariyeh_zahalka,HE,spreadsheet_exact,1.0,accepted
אסף אדיב,assaf_adiv,HE,spreadsheet_exact,1.0,accepted
אסף אורון,assaf_oron,HE,spreadsheet_exact,1.0,accepted
אסף מרציאנו,asaf_marziano,HE,spreadsheet_exact,1.0,accepted
אסף שלו,asaf_shalev,HE,spreadsheet_exact,1.0,accepted
ארון קלר,aron_keller,HE,spreadsheet_exact,1.0,accepted
ארי רמז,ari_remez,HE,spreadsheet_exact,1.0,accepted
ארש עזיזי,arash_azizi,HE,spreadsheet_exact,1.0,accepted
אשר קאופמן,asher_kaufman,HE,spreadsheet_exact,1.0,accepted
באסל יאזורי,basel_yazouri,HE,spreadsheet_exact,1.0,accepted
באסל עדרה,basel_adra,HE,spreadsheet_exact,1.0,accepted
בדיע דוויק,badia_dweik,HE,spreadsheet_exact,1.0,accepted
בכר זועבי,baker_zoubi,HE,spreadsheet_exact,1.0,accepted
בן לורבר,ben_lorber,HE,spreadsheet_exact,1.0,accepted
בן רייף,ben_reiff,HE,spreadsheet_exact,1.0,accepted
בסאם אלמוהור,bassam_almohor,HE,spreadsheet_exact,1.0,accepted
בר גיסין,bar_gissin,HE,spreadsheet_exact,1.0,accepted
ג'ודית סודילובסקי,judith_sudilovsky,HE,spreadsheet_exact,1.0,accepted
ג'ונתן אדלר,jonathan_adler,HE,spreadsheet_exact,1.0,accepted
ג'ורג'יה ג'י,georgia_gee,HE,spreadsheet_exact,1.0,accepted
ג'יהאד אבו סלים,jehad_abusalim,HE,spreadsheet_exact,1.0,accepted
ג'ים לוב,jim_lobe,HE,spreadsheet_exact,1.0,accepted
ג'ן מרלו,jen_marlowe,HE,spreadsheet_exact,1.0,accepted
ג'רארד הורטון,gerard_horton,HE,spreadsheet_exact,1.0,accepted
גבי גולדמן,gaby_goldman,HE,spreadsheet_exact,1.0,accepted
גדי אלגזי,gadi_algazi,HE,spreadsheet_exact,1.0,accepted
גיא אלוני,guy_aloni,HE,spreadsheet_exact,1.0,accepted
גיא הירשפלד,guy_hircefeld,HE,spreadsheet_exact,1.0,accepted
גיל גרטל,gil_gertel,HE,spreadsheet_exact,1.0,accepted
גיל חיזי,gil_hizi,HE,spreadsheet_exact,1.0,accepted
גלעד הלפרן,gilad_halpern,HE,spreadsheet_exact,1.0,accepted
גרשון בסקין,gershon_baskin,HE,spreadsheet_exact,1.0,accepted
דבורה לטר,deborah_leter,HE,spreadsheet_exact,1.0,accepted
דוד זונשיין,david_zonsheine,HE,spreadsheet_exact,1.0,accepted
דועאא אלבאז,doaa_albaz,HE,spreadsheet_exact,1.0,accepted
דורית נעמן,dorit_naaman,HE,spreadsheet_exact,1.0,accepted
דיוויד שין,david_sheen,HE,spreadsheet_exact,1.0,accepted
דימי ריידר,dimi_reider,HE,spreadsheet_exact,1.0,accepted
דין יששכרוף,dean_issacharoff,HE,spreadsheet_exact,1.0,accepted
דלאל עריקאת,dalal_erakat,HE,spreadsheet_exact,1.0,accepted
דליה שיינדלין,dahlia_scheindlin,HE,spreadsheet_exact,1.0,accepted
דנה גולן,dana_golan,HE,spreadsheet_exact,1.0,accepted
דנה מילס,dana_mills,HE,spreadsheet_exact,1.0,accepted
דני אורבך,danny_orbach,HE,spreadsheet_exact,1.0,accepted
דני בלר,daniel_beller,HE,spreadsheet_exact,1.0,accepted
דניאל בר-טל,daniel_bar_tal,HE,spreadsheet_exact,1.0,accepted
דניאל דור,daniel_dor,HE,spreadsheet_exact,1.0,accepted
דניאל לוי,daniel_levy,HE,spreadsheet_exact,1.0,accepted
דניאלה טולצ'ינסקי,daniela_tolchinsky,HE,spreadsheet_exact,1.0,accepted
דקלה טיילור-שיינמן,dikla_taylor_sheinman,HE,spreadsheet_exact,1.0,accepted
דרור אטקס,dror_etkes,HE,spreadsheet_exact,1.0,accepted
דרור שדות,dror_sadot,HE,spreadsheet_exact,1.0,accepted
האדי ראמי,hadi_rami,HE,spreadsheet_exact,1.0,accepted
הדס בנימיני,hadas_binyamini,HE,spreadsheet_exact,1.0,accepted
הנרייט שקר,henriette_chacar,HE,spreadsheet_exact,1.0,accepted
חגי אלעד,hagai_el_ad,HE,spreadsheet_exact,1.0,accepted
חגי מטר,haggai_matar,HE,spreadsheet_exact,1.0,accepted
חגית עופרן,hagit_ofran,HE,spreadsheet_exact,1.0,accepted
חגית קיסר,hagit_naali_joseph,HE,spreadsheet_exact,1.0,accepted
חנין זועבי,haneen_zoabi,HE,spreadsheet_exact,1.0,accepted
טארק בקעוני,tareq_baconi,HE,spreadsheet_exact,1.0,accepted
טלאל אל-ג׳עברי,talal_jabari,HE,spreadsheet_exact,1.0,accepted
יאסר אבו ערישה,yaser_abu_areesha,HE,spreadsheet_exact,1.0,accepted
יהונתן קלינגר,atty_jonathan_j_klinger,HE,spreadsheet_exact,1.0,accepted
יהושע (ג'וש) לייפר,joshua_leifer,HE,spreadsheet_exact,1.0,accepted
יואב חיפאווי,yoav_haifawi,HE,spreadsheet_exact,1.0,accepted
יובל אברהם,yuval_abraham,HE,spreadsheet_exact,1.0,accepted
יובל בן-עמי,yuval_ben_ami,HE,spreadsheet_exact,1.0,accepted
יוני מנדל,yoni_mendel,HE,spreadsheet_exact,1.0,accepted
יונתן מזרחי,yonathan_mizrachi,HE,spreadsheet_exact,1.0,accepted
יעל מרום,yael_yali_marom,HE,spreadsheet_exact,1.0,accepted
יפעת סולל,yifat_solel,HE,spreadsheet_exact,1.0,accepted
יריב מוהר,yariv_mohar,HE,spreadsheet_exact,1.0,accepted
ישי מנוחין,dr_ishai_menuchin,HE,spreadsheet_exact,1.0,accepted
לארי דרפנר,larry_derfner,HE,spreadsheet_exact,1.0,accepted
לב גרינברג,lev_grinberg,HE,spreadsheet_exact,1.0,accepted
לבי לנקינסקי,libby_lenkinski,HE,spreadsheet_exact,1.0,accepted
ליהי רוטשילד,leehee_rothschild,HE,spreadsheet_exact,1.0,accepted
לילך בן דוד,lilach_ben_david,HE,spreadsheet_exact,1.0,accepted
ליסה גולדמן,lisa_goldman,HE,spreadsheet_exact,1.0,accepted
מאיה גוארניירי,mya_guarnieri_jaradat,HE,spreadsheet_exact,1.0,accepted
מאיה גוארניירי-ג'ראדאת,mya_guarnieri_jaradat,HE,fuzzy_he,0.778,accepted
מוחמד ברהים,ibrahim_mohammad,HE,fuzzy_he,0.957,accepted
מוחמד זאנון,mohammed_zaanoun,HE,spreadsheet_exact,1.0,accepted
מוחמד שחאדה,muhammad_shehada,HE,spreadsheet_exact,1.0,accepted
מוריאל רוטמן,moriel_rothman_zecher,HE,fuzzy_he,0.857,accepted
מוריאל רוטמן-זכר,moriel_rothman,HE,spreadsheet_exact,1.0,accepted
מחמוד מושתהא,mahmoud_mushtaha,HE,spreadsheet_exact,1.0,accepted
מיכאל סולסברי-כורך,michael_salisbury_corech,HE,spreadsheet_exact,1.0,accepted
מיכאל ספרד,michael_sfard,HE,spreadsheet_exact,1.0,accepted
מיכאל עומר-מן,michael_omer_man,HE,spreadsheet_exact,1.0,accepted
מיכאל שפר עומר-מן,michael_schaeffer_omer_man,HE,spreadsheet_exact,1.0,accepted
מיכל רותם,michal_rotem,HE,spreadsheet_exact,1.0,accepted
מירון רפופורט,meron_rapoport,HE,spreadsheet_exact,1.0,accepted
מנחם קליין,menachem_klein,HE,spreadsheet_exact,1.0,accepted
מקבולה נסאר,makbula_nassar,HE,spreadsheet_exact,1.0,accepted
מרב זונשיין,mairav_zonszein,HE,spreadsheet_exact,1.0,accepted
מרזוק אלחלבי,marzuq_al_halabi,HE,spreadsheet_exact,1.0,accepted
מרים ברגותי,mariam_barghouti,HE,spreadsheet_exact,1.0,accepted
מרים פרח,mariam_farah,HE,spreadsheet_exact,1.0,accepted
מתי שמואלוף,mati_shemoelof,HE,spreadsheet_exact,1.0,accepted
מתן קמינר,matan_kaminer,HE,spreadsheet_exact,1.0,accepted
נועה יחוט,noa_yachot,HE,spreadsheet_exact,1.0,accepted
נועם שיזף,noam_sheizaf,HE,spreadsheet_exact,1.0,accepted
נטשה רוט,natasha_soffer_roth,HE,spreadsheet_exact,1.0,accepted
ניב גורדון,neve_gordon,HE,spreadsheet_exact,1.0,accepted
נמרוד גורן,nimrod_goren,HE,spreadsheet_exact,1.0,accepted
נעה פינטו,noa_pinto,HE,spreadsheet_exact,1.0,accepted
נעם רותם,noam_rotem,HE,spreadsheet_exact,1.0,accepted
נעם שוסטר אליאסי,noam_shuster_eliassi,HE,spreadsheet_exact,1.0,accepted
נעמי נידם,naomi_niddam,HE,spreadsheet_exact,1.0,accepted
סאמר בדאווי,samer_badawi,HE,spreadsheet_exact,1.0,accepted
סבסטיאן בן דניאל (ג'ון בראון),sebastian_ben_daniel_john_brown,HE,spreadsheet_exact,1.0,accepted
סהר ורדי,sahar_vardi,HE,spreadsheet_exact,1.0,accepted
סוהא עראף,suha_arraf,HE,spreadsheet_exact,1.0,accepted
סולימאן מסוואדי,suleiman_maswadeh,HE,spreadsheet_exact,1.0,accepted
סופיה גודפרנד,sophia_goodfriend,HE,spreadsheet_exact,1.0,accepted
סלאח מוחסן,salah_mohsen,HE,spreadsheet_exact,1.0,accepted
סם בחור,sam_bahour,HE,spreadsheet_exact,1.0,accepted
סמאח סלאימה,samah_salaime,HE,spreadsheet_exact,1.0,accepted
סמדר בן-נתן,smadar_ben_natan,HE,spreadsheet_exact,1.0,accepted
סעיד זידאני,said_zeedani,HE,spreadsheet_exact,1.0,accepted
ע. דניאל רוט,a_daniel_roth,HE,spreadsheet_exact,1.0,accepted
עאוני פרחאת,awni_farhat,HE,spreadsheet_exact,1.0,accepted
עבד אבו שחאדה,abed_abou_shhadeh,HE,spreadsheet_exact,1.0,accepted
עבד כנעאנה,abed_kannaneh,HE,spreadsheet_exact,1.0,accepted
עבדאללה מואסווס,abdulla_moaswes,HE,spreadsheet_exact,1.0,accepted
עביר איוב,abeer_ayyoub,HE,spreadsheet_exact,1.0,accepted
עדו קונרד,edo_konrad,HE,spreadsheet_exact,1.0,accepted
עדי גולן בכנפו,adi_golan_bikhnafo,HE,spreadsheet_exact,1.0,accepted
"עו""ד גיל גן-מור",gil_gan_mor,HE,spreadsheet_exact,1.0,accepted
עוואד עבד אלפתאח,awad_abdelfattah,HE,spreadsheet_exact,1.0,accepted
עומאר ה. רחמן,omar_h_rahman,HE,spreadsheet_exact,1.0,accepted
עזיז אבו-שרה,aziz_abu_sarah,HE,spreadsheet_exact,1.0,accepted
עידו אבן-פז,ido_even_paz,HE,spreadsheet_exact,1.0,accepted
עידו ליבן,ido_liven,HE,spreadsheet_exact,1.0,accepted
עידו נייס,iddo_naiss,HE,spreadsheet_exact,1.0,accepted
עידן בריר,idan_barir,HE,spreadsheet_exact,1.0,accepted
עידן יצחקי,idan_itzhaky,HE,spreadsheet_exact,1.0,accepted
עידן רינג,edan_ring,HE,spreadsheet_exact,1.0,accepted
עימאד אבו הוואש,imad_abu_hawash,HE,spreadsheet_exact,1.0,accepted
עלא חליחל,ala_hlehel,HE,spreadsheet_exact,1.0,accepted
עלאא סלאמה,alaa_salama,HE,spreadsheet_exact,1.0,accepted
עמוס בריזון,amos_brison,HE,spreadsheet_exact,1.0,accepted
עמוס גולדברג,amos_goldberg,HE,spreadsheet_exact,1.0,accepted
עמי קאופמן,ami_kaufman,HE,spreadsheet_exact,1.0,accepted
עמיר סגל,amir_segal,HE,spreadsheet_exact,1.0,accepted
עמירם גולדבלום,amiram_goldblum,HE,spreadsheet_exact,1.0,accepted
עמית גילוץ,amit_gilutz,HE,spreadsheet_exact,1.0,accepted
עמרי די-נור,omri_du_nour,HE,spreadsheet_exact,1.0,accepted
ענבל בן יהודה,inbal_ben_yehuda,HE,fuzzy_he,0.923,accepted
ענבל בן-יהודה,inbal_ben_yehuda,HE,spreadsheet_exact,1.0,accepted
ענבר שקד ורדי,inbar_shaked_vardi,HE,spreadsheet_exact,1.0,accepted
ענת יורובסקי,anat_yorovski,HE,spreadsheet_exact,1.0,accepted
ענת מטר,anat_matar,HE,spreadsheet_exact,1.0,accepted
ענת סרגוסטי,anat_saragusti,HE,spreadsheet_exact,1.0,accepted
ערן צדקיהו,eran_tsidkyahu,HE,spreadsheet_exact,1.0,accepted
פאדי אל-נאג'י,fadi_o_al_naji,HE,spreadsheet_exact,1.0,accepted
פאדי ח'ורי,fady_khoury,HE,spreadsheet_exact,1.0,accepted
פאדי שביטה,fadi_shabita,HE,spreadsheet_exact,1.0,accepted
פאולה שמיט*,paula_schmitt,HE,spreadsheet_exact,1.0,accepted
פאטמה עבד אלכרים,fatima_abdulkarim,HE,spreadsheet_exact,1.0,accepted
פאיז אבו חיה,fayez_abu_hayeh,HE,spreadsheet_exact,1.0,accepted
פאיז אבו רמלה,faiz_abu_rmeleh,HE,spreadsheet_exact,1.0,accepted
פאם ביילי,pam_bailey,HE,spreadsheet_exact,1.0,accepted
פרימה (מרפי) בוביס,frima_merphie_bubis,HE,spreadsheet_exact,1.0,accepted
פרימה בוביס,frima_merphie_bubis,HE,fuzzy_he,0.759,accepted
קורי שרמן,corey_sherman,HE,spreadsheet_exact,1.0,accepted
קמר טאהא,qamar_taha,HE,spreadsheet_exact,1.0,accepted
קרן מנור,keren_manor,HE,spreadsheet_exact,1.0,accepted
רגד ג'ראיסי,raghad_jaraisy,HE,spreadsheet_exact,1.0,accepted
רוברט סוויפט,robert_swift,HE,spreadsheet_exact,1.0,accepted
רווידה עאמר,ruwaida_amer,HE,spreadsheet_exact,1.0,accepted
רון גרליץ,ron_gerlitz,HE,spreadsheet_exact,1.0,accepted
רון דודאי,ron_dudai,HE,spreadsheet_exact,1.0,accepted
רוסון בשאראת,ghousoon_bisharat,HE,spreadsheet_exact,1.0,accepted
רועי וגנר,roy_wagner,HE,spreadsheet_exact,1.0,accepted
רועי כהן,roy_cohen,HE,spreadsheet_exact,1.0,accepted
רועי מאור,roi_maor,HE,spreadsheet_exact,1.0,accepted
ריאן רודריק ביילר,ryan_rodrick_beiler,HE,spreadsheet_exact,1.0,accepted
רים עאמר,reem_amer,HE,spreadsheet_exact,1.0,accepted
רים עמאר,reem_amer,HE,fuzzy_he,0.875,accepted
רמי יונס,rami_younis,HE,spreadsheet_exact,1.0,accepted
רן גולדשטיין,ran_goldstein,HE,spreadsheet_exact,1.0,accepted
רן גרינשטיין,ran_greenstein,HE,spreadsheet_exact,1.0,accepted
רענן שמש-פורשנר,raanan_shemesh_forshner,HE,spreadsheet_exact,1.0,accepted
שדה יעיש,shatha_yaish,HE,spreadsheet_exact,1.0,accepted
שירז גרינבאום,shiraz_grinbaum,HE,spreadsheet_exact,1.0,accepted
שלמה סבירסקי,dr_shlomo_swirski,HE,spreadsheet_exact,1.0,accepted
תום פסח,tom_pessah,HE,spreadsheet_exact,1.0,accepted
תומר פרסיקו,tomer_persico,HE,spreadsheet_exact,1.0,accepted
תניה הרי,tania_hary,HE,spreadsheet_exact,1.0,accepted
​Imad Abu Hawash,imad_abu_hawash,EN,spreadsheet_exact,1.0,accepted
